"method","data_type","rep","hit","fp"
"pelt","gaussian",1,TRUE,0
"pelt","gaussian",2,TRUE,0
"pelt","gaussian",3,TRUE,0
"pelt","gaussian",4,TRUE,0
"pelt","gaussian",5,TRUE,0
"pelt","gaussian",6,TRUE,0
"pelt","gaussian",7,TRUE,0
"pelt","gaussian",8,TRUE,0
"pelt","gaussian",9,TRUE,0
"pelt","gaussian",10,TRUE,0
"pelt","bernoulli",1,TRUE,0
"pelt","bernoulli",2,FALSE,1
"pelt","bernoulli",3,TRUE,0
"pelt","bernoulli",4,TRUE,0
"pelt","bernoulli",5,TRUE,0
"pelt","bernoulli",6,TRUE,0
"pelt","bernoulli",7,FALSE,1
"pelt","bernoulli",8,TRUE,0
"pelt","bernoulli",9,TRUE,0
"pelt","bernoulli",10,TRUE,0
"pelt","poisson",1,TRUE,30
"pelt","poisson",2,TRUE,18
"pelt","poisson",3,TRUE,24
"pelt","poisson",4,TRUE,25
"pelt","poisson",5,TRUE,20
"pelt","poisson",6,TRUE,18
"pelt","poisson",7,TRUE,28
"pelt","poisson",8,TRUE,21
"pelt","poisson",9,TRUE,22
"pelt","poisson",10,TRUE,18
"pelt","proportion",1,FALSE,0
"pelt","proportion",2,FALSE,0
"pelt","proportion",3,FALSE,0
"pelt","proportion",4,FALSE,0
"pelt","proportion",5,FALSE,0
"pelt","proportion",6,FALSE,0
"pelt","proportion",7,FALSE,0
"pelt","proportion",8,FALSE,0
"pelt","proportion",9,FALSE,0
"pelt","proportion",10,FALSE,0
"binseg","gaussian",1,TRUE,0
"binseg","gaussian",2,TRUE,0
"binseg","gaussian",3,TRUE,0
"binseg","gaussian",4,TRUE,0
"binseg","gaussian",5,TRUE,0
"binseg","gaussian",6,TRUE,0
"binseg","gaussian",7,TRUE,0
"binseg","gaussian",8,TRUE,0
"binseg","gaussian",9,TRUE,0
"binseg","gaussian",10,TRUE,0
"binseg","bernoulli",1,TRUE,0
"binseg","bernoulli",2,TRUE,0
"binseg","bernoulli",3,TRUE,0
"binseg","bernoulli",4,TRUE,0
"binseg","bernoulli",5,TRUE,0
"binseg","bernoulli",6,TRUE,0
"binseg","bernoulli",7,TRUE,0
"binseg","bernoulli",8,TRUE,0
"binseg","bernoulli",9,TRUE,0
"binseg","bernoulli",10,TRUE,0
"binseg","poisson",1,TRUE,2
"binseg","poisson",2,TRUE,2
"binseg","poisson",3,TRUE,3
"binseg","poisson",4,TRUE,4
"binseg","poisson",5,TRUE,0
"binseg","poisson",6,TRUE,4
"binseg","poisson",7,TRUE,4
"binseg","poisson",8,TRUE,1
"binseg","poisson",9,TRUE,3
"binseg","poisson",10,TRUE,2
"binseg","proportion",1,FALSE,0
"binseg","proportion",2,FALSE,0
"binseg","proportion",3,FALSE,0
"binseg","proportion",4,FALSE,0
"binseg","proportion",5,FALSE,0
"binseg","proportion",6,FALSE,0
"binseg","proportion",7,FALSE,0
"binseg","proportion",8,FALSE,0
"binseg","proportion",9,FALSE,0
"binseg","proportion",10,FALSE,0
"segneigh","gaussian",1,TRUE,0
"segneigh","gaussian",2,TRUE,0
"segneigh","gaussian",3,TRUE,0
"segneigh","gaussian",4,TRUE,0
"segneigh","gaussian",5,TRUE,0
"segneigh","gaussian",6,TRUE,0
"segneigh","gaussian",7,TRUE,0
"segneigh","gaussian",8,TRUE,0
"segneigh","gaussian",9,TRUE,0
"segneigh","gaussian",10,TRUE,0
"segneigh","bernoulli",1,TRUE,0
"segneigh","bernoulli",2,TRUE,0
"segneigh","bernoulli",3,TRUE,0
"segneigh","bernoulli",4,TRUE,0
"segneigh","bernoulli",5,TRUE,0
"segneigh","bernoulli",6,TRUE,0
"segneigh","bernoulli",7,TRUE,0
"segneigh","bernoulli",8,TRUE,0
"segneigh","bernoulli",9,TRUE,0
"segneigh","bernoulli",10,TRUE,0
"segneigh","poisson",1,TRUE,3
"segneigh","poisson",2,TRUE,3
"segneigh","poisson",3,TRUE,2
"segneigh","poisson",4,TRUE,3
"segneigh","poisson",5,TRUE,3
"segneigh","poisson",6,TRUE,3
"segneigh","poisson",7,TRUE,3
"segneigh","poisson",8,TRUE,2
"segneigh","poisson",9,TRUE,3
"segneigh","poisson",10,TRUE,1
"segneigh","proportion",1,TRUE,0
"segneigh","proportion",2,FALSE,0
"segneigh","proportion",3,FALSE,0
"segneigh","proportion",4,TRUE,0
"segneigh","proportion",5,TRUE,0
"segneigh","proportion",6,TRUE,0
"segneigh","proportion",7,FALSE,0
"segneigh","proportion",8,TRUE,0
"segneigh","proportion",9,TRUE,0
"segneigh","proportion",10,TRUE,0
"amoc","gaussian",1,TRUE,0
"amoc","gaussian",2,TRUE,0
"amoc","gaussian",3,TRUE,0
"amoc","gaussian",4,TRUE,0
"amoc","gaussian",5,TRUE,0
"amoc","gaussian",6,TRUE,0
"amoc","gaussian",7,TRUE,0
"amoc","gaussian",8,TRUE,0
"amoc","gaussian",9,TRUE,0
"amoc","gaussian",10,TRUE,0
"amoc","bernoulli",1,TRUE,0
"amoc","bernoulli",2,TRUE,0
"amoc","bernoulli",3,TRUE,0
"amoc","bernoulli",4,TRUE,0
"amoc","bernoulli",5,TRUE,0
"amoc","bernoulli",6,TRUE,0
"amoc","bernoulli",7,TRUE,0
"amoc","bernoulli",8,TRUE,0
"amoc","bernoulli",9,TRUE,0
"amoc","bernoulli",10,TRUE,0
"amoc","poisson",1,TRUE,0
"amoc","poisson",2,TRUE,0
"amoc","poisson",3,TRUE,0
"amoc","poisson",4,TRUE,0
"amoc","poisson",5,TRUE,0
"amoc","poisson",6,TRUE,0
"amoc","poisson",7,TRUE,0
"amoc","poisson",8,TRUE,0
"amoc","poisson",9,TRUE,0
"amoc","poisson",10,TRUE,0
"amoc","proportion",1,FALSE,0
"amoc","proportion",2,FALSE,0
"amoc","proportion",3,FALSE,0
"amoc","proportion",4,FALSE,0
"amoc","proportion",5,FALSE,0
"amoc","proportion",6,FALSE,0
"amoc","proportion",7,FALSE,0
"amoc","proportion",8,FALSE,0
"amoc","proportion",9,FALSE,0
"amoc","proportion",10,FALSE,0
"np","gaussian",1,TRUE,0
"np","gaussian",2,TRUE,0
"np","gaussian",3,TRUE,0
"np","gaussian",4,TRUE,2
"np","gaussian",5,TRUE,0
"np","gaussian",6,TRUE,0
"np","gaussian",7,TRUE,0
"np","gaussian",8,TRUE,0
"np","gaussian",9,TRUE,0
"np","gaussian",10,TRUE,0
"np","bernoulli",1,TRUE,0
"np","bernoulli",2,TRUE,0
"np","bernoulli",3,TRUE,0
"np","bernoulli",4,TRUE,2
"np","bernoulli",5,TRUE,0
"np","bernoulli",6,TRUE,0
"np","bernoulli",7,TRUE,0
"np","bernoulli",8,TRUE,0
"np","bernoulli",9,TRUE,0
"np","bernoulli",10,TRUE,0
"np","poisson",1,TRUE,0
"np","poisson",2,TRUE,0
"np","poisson",3,TRUE,0
"np","poisson",4,TRUE,0
"np","poisson",5,TRUE,0
"np","poisson",6,TRUE,0
"np","poisson",7,TRUE,0
"np","poisson",8,TRUE,0
"np","poisson",9,TRUE,0
"np","poisson",10,TRUE,0
"np","proportion",1,TRUE,0
"np","proportion",2,TRUE,0
"np","proportion",3,TRUE,0
"np","proportion",4,TRUE,0
"np","proportion",5,TRUE,0
"np","proportion",6,TRUE,0
"np","proportion",7,TRUE,0
"np","proportion",8,TRUE,0
"np","proportion",9,TRUE,0
"np","proportion",10,TRUE,0
"ecp","gaussian",1,TRUE,0
"ecp","gaussian",2,TRUE,0
"ecp","gaussian",3,TRUE,0
"ecp","gaussian",4,TRUE,0
"ecp","gaussian",5,TRUE,0
"ecp","gaussian",6,TRUE,0
"ecp","gaussian",7,TRUE,0
"ecp","gaussian",8,TRUE,0
"ecp","gaussian",9,TRUE,0
"ecp","gaussian",10,TRUE,0
"ecp","bernoulli",1,TRUE,0
"ecp","bernoulli",2,TRUE,0
"ecp","bernoulli",3,TRUE,0
"ecp","bernoulli",4,TRUE,2
"ecp","bernoulli",5,TRUE,0
"ecp","bernoulli",6,TRUE,0
"ecp","bernoulli",7,TRUE,0
"ecp","bernoulli",8,TRUE,0
"ecp","bernoulli",9,TRUE,0
"ecp","bernoulli",10,TRUE,0
"ecp","poisson",1,TRUE,0
"ecp","poisson",2,TRUE,0
"ecp","poisson",3,TRUE,0
"ecp","poisson",4,TRUE,0
"ecp","poisson",5,TRUE,0
"ecp","poisson",6,TRUE,0
"ecp","poisson",7,TRUE,0
"ecp","poisson",8,TRUE,0
"ecp","poisson",9,TRUE,0
"ecp","poisson",10,TRUE,0
"ecp","proportion",1,TRUE,0
"ecp","proportion",2,TRUE,0
"ecp","proportion",3,TRUE,0
"ecp","proportion",4,TRUE,0
"ecp","proportion",5,TRUE,0
"ecp","proportion",6,TRUE,0
"ecp","proportion",7,TRUE,0
"ecp","proportion",8,TRUE,0
"ecp","proportion",9,TRUE,0
"ecp","proportion",10,TRUE,0
"fpop","gaussian",1,TRUE,0
"fpop","gaussian",2,TRUE,0
"fpop","gaussian",3,TRUE,0
"fpop","gaussian",4,TRUE,0
"fpop","gaussian",5,TRUE,0
"fpop","gaussian",6,TRUE,0
"fpop","gaussian",7,TRUE,0
"fpop","gaussian",8,TRUE,0
"fpop","gaussian",9,TRUE,0
"fpop","gaussian",10,TRUE,0
"fpop","bernoulli",1,TRUE,0
"fpop","bernoulli",2,TRUE,0
"fpop","bernoulli",3,TRUE,0
"fpop","bernoulli",4,TRUE,0
"fpop","bernoulli",5,TRUE,0
"fpop","bernoulli",6,TRUE,0
"fpop","bernoulli",7,TRUE,0
"fpop","bernoulli",8,TRUE,0
"fpop","bernoulli",9,TRUE,0
"fpop","bernoulli",10,TRUE,0
"fpop","poisson",1,TRUE,31
"fpop","poisson",2,TRUE,26
"fpop","poisson",3,TRUE,30
"fpop","poisson",4,TRUE,35
"fpop","poisson",5,TRUE,23
"fpop","poisson",6,TRUE,29
"fpop","poisson",7,TRUE,32
"fpop","poisson",8,TRUE,25
"fpop","poisson",9,TRUE,29
"fpop","poisson",10,TRUE,21
"fpop","proportion",1,FALSE,0
"fpop","proportion",2,FALSE,0
"fpop","proportion",3,FALSE,0
"fpop","proportion",4,FALSE,0
"fpop","proportion",5,FALSE,0
"fpop","proportion",6,FALSE,0
"fpop","proportion",7,FALSE,0
"fpop","proportion",8,FALSE,0
"fpop","proportion",9,FALSE,0
"fpop","proportion",10,FALSE,0
"wbs","gaussian",1,TRUE,0
"wbs","gaussian",2,TRUE,0
"wbs","gaussian",3,TRUE,0
"wbs","gaussian",4,TRUE,0
"wbs","gaussian",5,TRUE,0
"wbs","gaussian",6,TRUE,0
"wbs","gaussian",7,TRUE,0
"wbs","gaussian",8,TRUE,0
"wbs","gaussian",9,TRUE,0
"wbs","gaussian",10,TRUE,0
"wbs","bernoulli",1,TRUE,0
"wbs","bernoulli",2,TRUE,0
"wbs","bernoulli",3,TRUE,0
"wbs","bernoulli",4,TRUE,2
"wbs","bernoulli",5,TRUE,0
"wbs","bernoulli",6,TRUE,0
"wbs","bernoulli",7,TRUE,0
"wbs","bernoulli",8,TRUE,0
"wbs","bernoulli",9,TRUE,0
"wbs","bernoulli",10,TRUE,0
"wbs","poisson",1,TRUE,0
"wbs","poisson",2,TRUE,2
"wbs","poisson",3,TRUE,0
"wbs","poisson",4,TRUE,0
"wbs","poisson",5,TRUE,0
"wbs","poisson",6,TRUE,2
"wbs","poisson",7,TRUE,0
"wbs","poisson",8,TRUE,0
"wbs","poisson",9,TRUE,0
"wbs","poisson",10,TRUE,0
"wbs","proportion",1,TRUE,0
"wbs","proportion",2,TRUE,0
"wbs","proportion",3,TRUE,0
"wbs","proportion",4,TRUE,0
"wbs","proportion",5,TRUE,0
"wbs","proportion",6,TRUE,0
"wbs","proportion",7,TRUE,0
"wbs","proportion",8,TRUE,0
"wbs","proportion",9,TRUE,0
"wbs","proportion",10,TRUE,0
"wbs2","gaussian",1,TRUE,0
"wbs2","gaussian",2,TRUE,0
"wbs2","gaussian",3,TRUE,0
"wbs2","gaussian",4,TRUE,0
"wbs2","gaussian",5,TRUE,0
"wbs2","gaussian",6,TRUE,1
"wbs2","gaussian",7,TRUE,0
"wbs2","gaussian",8,TRUE,0
"wbs2","gaussian",9,TRUE,0
"wbs2","gaussian",10,TRUE,0
"wbs2","bernoulli",1,TRUE,104
"wbs2","bernoulli",2,TRUE,109
"wbs2","bernoulli",3,TRUE,104
"wbs2","bernoulli",4,TRUE,102
"wbs2","bernoulli",5,TRUE,117
"wbs2","bernoulli",6,TRUE,92
"wbs2","bernoulli",7,TRUE,100
"wbs2","bernoulli",8,TRUE,90
"wbs2","bernoulli",9,TRUE,107
"wbs2","bernoulli",10,TRUE,99
"wbs2","poisson",1,TRUE,17
"wbs2","poisson",2,TRUE,7
"wbs2","poisson",3,TRUE,66
"wbs2","poisson",4,TRUE,6
"wbs2","poisson",5,TRUE,6
"wbs2","poisson",6,TRUE,13
"wbs2","poisson",7,TRUE,4
"wbs2","poisson",8,TRUE,6
"wbs2","poisson",9,TRUE,2
"wbs2","poisson",10,TRUE,2
"wbs2","proportion",1,TRUE,0
"wbs2","proportion",2,TRUE,1
"wbs2","proportion",3,TRUE,0
"wbs2","proportion",4,TRUE,0
"wbs2","proportion",5,TRUE,0
"wbs2","proportion",6,TRUE,0
"wbs2","proportion",7,TRUE,0
"wbs2","proportion",8,TRUE,0
"wbs2","proportion",9,TRUE,0
"wbs2","proportion",10,TRUE,0
"not","gaussian",1,TRUE,0
"not","gaussian",2,TRUE,0
"not","gaussian",3,TRUE,0
"not","gaussian",4,TRUE,0
"not","gaussian",5,TRUE,0
"not","gaussian",6,TRUE,0
"not","gaussian",7,TRUE,0
"not","gaussian",8,TRUE,0
"not","gaussian",9,TRUE,0
"not","gaussian",10,TRUE,0
"not","bernoulli",1,TRUE,0
"not","bernoulli",2,TRUE,0
"not","bernoulli",3,TRUE,0
"not","bernoulli",4,TRUE,2
"not","bernoulli",5,TRUE,0
"not","bernoulli",6,TRUE,0
"not","bernoulli",7,TRUE,0
"not","bernoulli",8,TRUE,0
"not","bernoulli",9,TRUE,0
"not","bernoulli",10,TRUE,0
"not","poisson",1,TRUE,0
"not","poisson",2,TRUE,0
"not","poisson",3,TRUE,0
"not","poisson",4,TRUE,0
"not","poisson",5,TRUE,0
"not","poisson",6,TRUE,2
"not","poisson",7,TRUE,0
"not","poisson",8,TRUE,0
"not","poisson",9,TRUE,2
"not","poisson",10,TRUE,0
"not","proportion",1,TRUE,0
"not","proportion",2,TRUE,0
"not","proportion",3,TRUE,0
"not","proportion",4,TRUE,0
"not","proportion",5,TRUE,0
"not","proportion",6,TRUE,0
"not","proportion",7,TRUE,0
"not","proportion",8,TRUE,0
"not","proportion",9,TRUE,0
"not","proportion",10,TRUE,0
"mosum","gaussian",1,TRUE,0
"mosum","gaussian",2,TRUE,0
"mosum","gaussian",3,TRUE,0
"mosum","gaussian",4,TRUE,0
"mosum","gaussian",5,TRUE,0
"mosum","gaussian",6,TRUE,0
"mosum","gaussian",7,TRUE,0
"mosum","gaussian",8,TRUE,0
"mosum","gaussian",9,TRUE,0
"mosum","gaussian",10,TRUE,0
"mosum","bernoulli",1,TRUE,0
"mosum","bernoulli",2,FALSE,0
"mosum","bernoulli",3,TRUE,0
"mosum","bernoulli",4,FALSE,0
"mosum","bernoulli",5,TRUE,0
"mosum","bernoulli",6,TRUE,0
"mosum","bernoulli",7,FALSE,1
"mosum","bernoulli",8,FALSE,0
"mosum","bernoulli",9,TRUE,0
"mosum","bernoulli",10,FALSE,0
"mosum","poisson",1,TRUE,0
"mosum","poisson",2,TRUE,0
"mosum","poisson",3,TRUE,0
"mosum","poisson",4,TRUE,0
"mosum","poisson",5,TRUE,0
"mosum","poisson",6,TRUE,0
"mosum","poisson",7,TRUE,0
"mosum","poisson",8,TRUE,0
"mosum","poisson",9,TRUE,0
"mosum","poisson",10,TRUE,0
"mosum","proportion",1,TRUE,0
"mosum","proportion",2,TRUE,0
"mosum","proportion",3,TRUE,0
"mosum","proportion",4,TRUE,0
"mosum","proportion",5,TRUE,0
"mosum","proportion",6,TRUE,0
"mosum","proportion",7,TRUE,0
"mosum","proportion",8,TRUE,0
"mosum","proportion",9,TRUE,0
"mosum","proportion",10,TRUE,0
"idetect","gaussian",1,TRUE,0
"idetect","gaussian",2,TRUE,0
"idetect","gaussian",3,TRUE,0
"idetect","gaussian",4,TRUE,0
"idetect","gaussian",5,TRUE,0
"idetect","gaussian",6,TRUE,0
"idetect","gaussian",7,TRUE,0
"idetect","gaussian",8,TRUE,0
"idetect","gaussian",9,TRUE,0
"idetect","gaussian",10,TRUE,0
"idetect","bernoulli",1,TRUE,92
"idetect","bernoulli",2,TRUE,100
"idetect","bernoulli",3,TRUE,92
"idetect","bernoulli",4,TRUE,101
"idetect","bernoulli",5,TRUE,103
"idetect","bernoulli",6,TRUE,95
"idetect","bernoulli",7,TRUE,96
"idetect","bernoulli",8,TRUE,89
"idetect","bernoulli",9,TRUE,106
"idetect","bernoulli",10,TRUE,87
"idetect","poisson",1,TRUE,0
"idetect","poisson",2,TRUE,0
"idetect","poisson",3,TRUE,0
"idetect","poisson",4,TRUE,0
"idetect","poisson",5,TRUE,0
"idetect","poisson",6,TRUE,2
"idetect","poisson",7,TRUE,0
"idetect","poisson",8,TRUE,0
"idetect","poisson",9,TRUE,0
"idetect","poisson",10,TRUE,0
"idetect","proportion",1,TRUE,0
"idetect","proportion",2,TRUE,0
"idetect","proportion",3,TRUE,0
"idetect","proportion",4,TRUE,0
"idetect","proportion",5,TRUE,0
"idetect","proportion",6,TRUE,0
"idetect","proportion",7,TRUE,0
"idetect","proportion",8,TRUE,0
"idetect","proportion",9,TRUE,0
"idetect","proportion",10,TRUE,0
"tguh","gaussian",1,TRUE,0
"tguh","gaussian",2,TRUE,0
"tguh","gaussian",3,TRUE,0
"tguh","gaussian",4,TRUE,0
"tguh","gaussian",5,TRUE,0
"tguh","gaussian",6,TRUE,0
"tguh","gaussian",7,TRUE,0
"tguh","gaussian",8,TRUE,0
"tguh","gaussian",9,TRUE,0
"tguh","gaussian",10,TRUE,0
"tguh","bernoulli",1,TRUE,0
"tguh","bernoulli",2,TRUE,0
"tguh","bernoulli",3,TRUE,0
"tguh","bernoulli",4,TRUE,3
"tguh","bernoulli",5,TRUE,0
"tguh","bernoulli",6,TRUE,0
"tguh","bernoulli",7,TRUE,0
"tguh","bernoulli",8,TRUE,0
"tguh","bernoulli",9,TRUE,0
"tguh","bernoulli",10,TRUE,0
"tguh","poisson",1,TRUE,0
"tguh","poisson",2,TRUE,0
"tguh","poisson",3,TRUE,0
"tguh","poisson",4,TRUE,0
"tguh","poisson",5,TRUE,0
"tguh","poisson",6,TRUE,0
"tguh","poisson",7,TRUE,0
"tguh","poisson",8,TRUE,0
"tguh","poisson",9,TRUE,0
"tguh","poisson",10,TRUE,0
"tguh","proportion",1,TRUE,0
"tguh","proportion",2,TRUE,0
"tguh","proportion",3,TRUE,0
"tguh","proportion",4,TRUE,0
"tguh","proportion",5,TRUE,0
"tguh","proportion",6,TRUE,0
"tguh","proportion",7,TRUE,0
"tguh","proportion",8,TRUE,0
"tguh","proportion",9,TRUE,0
"tguh","proportion",10,TRUE,0
"smuce","gaussian",1,TRUE,0
"smuce","gaussian",2,TRUE,0
"smuce","gaussian",3,TRUE,0
"smuce","gaussian",4,TRUE,0
"smuce","gaussian",5,TRUE,0
"smuce","gaussian",6,TRUE,0
"smuce","gaussian",7,TRUE,0
"smuce","gaussian",8,TRUE,0
"smuce","gaussian",9,TRUE,0
"smuce","gaussian",10,TRUE,1
"smuce","bernoulli",1,TRUE,104
"smuce","bernoulli",2,TRUE,109
"smuce","bernoulli",3,TRUE,104
"smuce","bernoulli",4,TRUE,102
"smuce","bernoulli",5,TRUE,117
"smuce","bernoulli",6,TRUE,92
"smuce","bernoulli",7,TRUE,100
"smuce","bernoulli",8,TRUE,90
"smuce","bernoulli",9,TRUE,107
"smuce","bernoulli",10,TRUE,99
"smuce","poisson",1,TRUE,2
"smuce","poisson",2,TRUE,2
"smuce","poisson",3,TRUE,2
"smuce","poisson",4,TRUE,3
"smuce","poisson",5,TRUE,2
"smuce","poisson",6,TRUE,3
"smuce","poisson",7,TRUE,2
"smuce","poisson",8,TRUE,2
"smuce","poisson",9,TRUE,1
"smuce","poisson",10,TRUE,1
"smuce","proportion",1,TRUE,0
"smuce","proportion",2,TRUE,0
"smuce","proportion",3,TRUE,0
"smuce","proportion",4,TRUE,1
"smuce","proportion",5,TRUE,0
"smuce","proportion",6,TRUE,1
"smuce","proportion",7,TRUE,0
"smuce","proportion",8,TRUE,0
"smuce","proportion",9,TRUE,0
"smuce","proportion",10,TRUE,0
"hsmuce","gaussian",1,TRUE,0
"hsmuce","gaussian",2,TRUE,0
"hsmuce","gaussian",3,TRUE,0
"hsmuce","gaussian",4,TRUE,1
"hsmuce","gaussian",5,TRUE,0
"hsmuce","gaussian",6,TRUE,0
"hsmuce","gaussian",7,TRUE,0
"hsmuce","gaussian",8,TRUE,0
"hsmuce","gaussian",9,TRUE,0
"hsmuce","gaussian",10,TRUE,0
"hsmuce","bernoulli",1,TRUE,7
"hsmuce","bernoulli",2,TRUE,11
"hsmuce","bernoulli",3,TRUE,14
"hsmuce","bernoulli",4,TRUE,10
"hsmuce","bernoulli",5,TRUE,7
"hsmuce","bernoulli",6,TRUE,8
"hsmuce","bernoulli",7,TRUE,16
"hsmuce","bernoulli",8,TRUE,6
"hsmuce","bernoulli",9,TRUE,10
"hsmuce","bernoulli",10,TRUE,11
"hsmuce","poisson",1,TRUE,13
"hsmuce","poisson",2,TRUE,12
"hsmuce","poisson",3,TRUE,18
"hsmuce","poisson",4,TRUE,15
"hsmuce","poisson",5,TRUE,10
"hsmuce","poisson",6,TRUE,16
"hsmuce","poisson",7,TRUE,11
"hsmuce","poisson",8,TRUE,10
"hsmuce","poisson",9,TRUE,15
"hsmuce","poisson",10,TRUE,9
"hsmuce","proportion",1,TRUE,10
"hsmuce","proportion",2,TRUE,11
"hsmuce","proportion",3,TRUE,14
"hsmuce","proportion",4,TRUE,13
"hsmuce","proportion",5,TRUE,8
"hsmuce","proportion",6,TRUE,12
"hsmuce","proportion",7,TRUE,15
"hsmuce","proportion",8,TRUE,9
"hsmuce","proportion",9,TRUE,12
"hsmuce","proportion",10,TRUE,11
"cpop","gaussian",1,TRUE,0
"cpop","gaussian",2,TRUE,0
"cpop","gaussian",3,FALSE,0
"cpop","gaussian",4,TRUE,0
"cpop","gaussian",5,TRUE,0
"cpop","gaussian",6,TRUE,0
"cpop","gaussian",7,TRUE,0
"cpop","gaussian",8,TRUE,0
"cpop","gaussian",9,TRUE,0
"cpop","gaussian",10,TRUE,0
"cpop","bernoulli",1,TRUE,0
"cpop","bernoulli",2,TRUE,0
"cpop","bernoulli",3,TRUE,0
"cpop","bernoulli",4,TRUE,0
"cpop","bernoulli",5,TRUE,0
"cpop","bernoulli",6,TRUE,0
"cpop","bernoulli",7,TRUE,0
"cpop","bernoulli",8,TRUE,0
"cpop","bernoulli",9,TRUE,0
"cpop","bernoulli",10,TRUE,0
"cpop","poisson",1,TRUE,0
"cpop","poisson",2,TRUE,0
"cpop","poisson",3,TRUE,0
"cpop","poisson",4,TRUE,0
"cpop","poisson",5,TRUE,0
"cpop","poisson",6,TRUE,0
"cpop","poisson",7,TRUE,0
"cpop","poisson",8,TRUE,0
"cpop","poisson",9,TRUE,0
"cpop","poisson",10,TRUE,0
"cpop","proportion",1,TRUE,0
"cpop","proportion",2,TRUE,0
"cpop","proportion",3,TRUE,0
"cpop","proportion",4,TRUE,0
"cpop","proportion",5,TRUE,0
"cpop","proportion",6,TRUE,0
"cpop","proportion",7,TRUE,0
"cpop","proportion",8,TRUE,0
"cpop","proportion",9,TRUE,0
"cpop","proportion",10,TRUE,0
"bcp","gaussian",1,FALSE,0
"bcp","gaussian",2,TRUE,0
"bcp","gaussian",3,TRUE,0
"bcp","gaussian",4,TRUE,0
"bcp","gaussian",5,TRUE,0
"bcp","gaussian",6,TRUE,0
"bcp","gaussian",7,TRUE,0
"bcp","gaussian",8,TRUE,0
"bcp","gaussian",9,TRUE,0
"bcp","gaussian",10,FALSE,0
"bcp","bernoulli",1,TRUE,0
"bcp","bernoulli",2,TRUE,0
"bcp","bernoulli",3,TRUE,0
"bcp","bernoulli",4,TRUE,2
"bcp","bernoulli",5,TRUE,0
"bcp","bernoulli",6,TRUE,0
"bcp","bernoulli",7,TRUE,0
"bcp","bernoulli",8,TRUE,0
"bcp","bernoulli",9,TRUE,0
"bcp","bernoulli",10,FALSE,0
"bcp","poisson",1,TRUE,0
"bcp","poisson",2,TRUE,0
"bcp","poisson",3,TRUE,0
"bcp","poisson",4,TRUE,0
"bcp","poisson",5,TRUE,0
"bcp","poisson",6,TRUE,0
"bcp","poisson",7,TRUE,0
"bcp","poisson",8,TRUE,0
"bcp","poisson",9,TRUE,0
"bcp","poisson",10,TRUE,0
"bcp","proportion",1,TRUE,0
"bcp","proportion",2,TRUE,0
"bcp","proportion",3,TRUE,0
"bcp","proportion",4,TRUE,0
"bcp","proportion",5,TRUE,0
"bcp","proportion",6,TRUE,0
"bcp","proportion",7,TRUE,0
"bcp","proportion",8,TRUE,0
"bcp","proportion",9,TRUE,0
"bcp","proportion",10,TRUE,0
"bocpd","gaussian",1,TRUE,0
"bocpd","gaussian",2,TRUE,0
"bocpd","gaussian",3,TRUE,0
"bocpd","gaussian",4,TRUE,0
"bocpd","gaussian",5,TRUE,0
"bocpd","gaussian",6,TRUE,0
"bocpd","gaussian",7,TRUE,0
"bocpd","gaussian",8,TRUE,0
"bocpd","gaussian",9,TRUE,0
"bocpd","gaussian",10,TRUE,0
"bocpd","bernoulli",1,TRUE,17
"bocpd","bernoulli",2,TRUE,20
"bocpd","bernoulli",3,TRUE,14
"bocpd","bernoulli",4,TRUE,29
"bocpd","bernoulli",5,TRUE,22
"bocpd","bernoulli",6,TRUE,27
"bocpd","bernoulli",7,TRUE,38
"bocpd","bernoulli",8,TRUE,31
"bocpd","bernoulli",9,TRUE,30
"bocpd","bernoulli",10,TRUE,23
"bocpd","poisson",1,TRUE,0
"bocpd","poisson",2,TRUE,0
"bocpd","poisson",3,TRUE,0
"bocpd","poisson",4,TRUE,0
"bocpd","poisson",5,TRUE,0
"bocpd","poisson",6,TRUE,0
"bocpd","poisson",7,TRUE,0
"bocpd","poisson",8,TRUE,0
"bocpd","poisson",9,TRUE,0
"bocpd","poisson",10,TRUE,0
"bocpd","proportion",1,TRUE,0
"bocpd","proportion",2,TRUE,0
"bocpd","proportion",3,TRUE,0
"bocpd","proportion",4,TRUE,0
"bocpd","proportion",5,TRUE,0
"bocpd","proportion",6,TRUE,0
"bocpd","proportion",7,TRUE,0
"bocpd","proportion",8,TRUE,0
"bocpd","proportion",9,TRUE,0
"bocpd","proportion",10,TRUE,0
"beast","gaussian",1,TRUE,0
"beast","gaussian",2,TRUE,0
"beast","gaussian",3,TRUE,0
"beast","gaussian",4,TRUE,0
"beast","gaussian",5,TRUE,0
"beast","gaussian",6,TRUE,0
"beast","gaussian",7,TRUE,0
"beast","gaussian",8,TRUE,0
"beast","gaussian",9,TRUE,0
"beast","gaussian",10,TRUE,0
"beast","bernoulli",1,TRUE,0
"beast","bernoulli",2,TRUE,0
"beast","bernoulli",3,TRUE,0
"beast","bernoulli",4,TRUE,2
"beast","bernoulli",5,TRUE,0
"beast","bernoulli",6,TRUE,0
"beast","bernoulli",7,TRUE,0
"beast","bernoulli",8,TRUE,0
"beast","bernoulli",9,TRUE,0
"beast","bernoulli",10,TRUE,0
"beast","poisson",1,TRUE,0
"beast","poisson",2,TRUE,0
"beast","poisson",3,TRUE,0
"beast","poisson",4,TRUE,0
"beast","poisson",5,TRUE,0
"beast","poisson",6,TRUE,0
"beast","poisson",7,TRUE,0
"beast","poisson",8,TRUE,0
"beast","poisson",9,TRUE,0
"beast","poisson",10,TRUE,0
"beast","proportion",1,TRUE,0
"beast","proportion",2,TRUE,0
"beast","proportion",3,TRUE,0
"beast","proportion",4,TRUE,0
"beast","proportion",5,TRUE,0
"beast","proportion",6,TRUE,0
"beast","proportion",7,TRUE,0
"beast","proportion",8,TRUE,0
"beast","proportion",9,TRUE,0
"beast","proportion",10,TRUE,0
"cpm","gaussian",1,TRUE,0
"cpm","gaussian",2,TRUE,0
"cpm","gaussian",3,TRUE,0
"cpm","gaussian",4,TRUE,1
"cpm","gaussian",5,TRUE,0
"cpm","gaussian",6,TRUE,0
"cpm","gaussian",7,TRUE,0
"cpm","gaussian",8,TRUE,0
"cpm","gaussian",9,TRUE,0
"cpm","gaussian",10,TRUE,2
"cpm","bernoulli",1,TRUE,0
"cpm","bernoulli",2,TRUE,0
"cpm","bernoulli",3,TRUE,0
"cpm","bernoulli",4,TRUE,0
"cpm","bernoulli",5,TRUE,0
"cpm","bernoulli",6,TRUE,0
"cpm","bernoulli",7,TRUE,0
"cpm","bernoulli",8,TRUE,0
"cpm","bernoulli",9,TRUE,0
"cpm","bernoulli",10,TRUE,0
"cpm","poisson",1,TRUE,0
"cpm","poisson",2,TRUE,0
"cpm","poisson",3,TRUE,0
"cpm","poisson",4,TRUE,0
"cpm","poisson",5,TRUE,0
"cpm","poisson",6,TRUE,0
"cpm","poisson",7,TRUE,0
"cpm","poisson",8,TRUE,0
"cpm","poisson",9,TRUE,0
"cpm","poisson",10,TRUE,0
"cpm","proportion",1,TRUE,0
"cpm","proportion",2,TRUE,0
"cpm","proportion",3,TRUE,0
"cpm","proportion",4,TRUE,1
"cpm","proportion",5,TRUE,0
"cpm","proportion",6,TRUE,2
"cpm","proportion",7,TRUE,0
"cpm","proportion",8,TRUE,0
"cpm","proportion",9,TRUE,0
"cpm","proportion",10,TRUE,1
"kcp","gaussian",1,TRUE,0
"kcp","gaussian",2,TRUE,0
"kcp","gaussian",3,TRUE,0
"kcp","gaussian",4,TRUE,0
"kcp","gaussian",5,TRUE,0
"kcp","gaussian",6,TRUE,0
"kcp","gaussian",7,TRUE,0
"kcp","gaussian",8,TRUE,0
"kcp","gaussian",9,TRUE,0
"kcp","gaussian",10,TRUE,0
"kcp","bernoulli",1,TRUE,0
"kcp","bernoulli",2,TRUE,0
"kcp","bernoulli",3,TRUE,0
"kcp","bernoulli",4,TRUE,0
"kcp","bernoulli",5,TRUE,0
"kcp","bernoulli",6,TRUE,0
"kcp","bernoulli",7,TRUE,0
"kcp","bernoulli",8,TRUE,0
"kcp","bernoulli",9,TRUE,0
"kcp","bernoulli",10,TRUE,0
"kcp","poisson",1,TRUE,0
"kcp","poisson",2,TRUE,0
"kcp","poisson",3,TRUE,0
"kcp","poisson",4,TRUE,0
"kcp","poisson",5,TRUE,0
"kcp","poisson",6,TRUE,0
"kcp","poisson",7,TRUE,0
"kcp","poisson",8,TRUE,0
"kcp","poisson",9,TRUE,0
"kcp","poisson",10,TRUE,0
"kcp","proportion",1,TRUE,0
"kcp","proportion",2,TRUE,0
"kcp","proportion",3,TRUE,0
"kcp","proportion",4,TRUE,0
"kcp","proportion",5,TRUE,0
"kcp","proportion",6,TRUE,0
"kcp","proportion",7,TRUE,0
"kcp","proportion",8,TRUE,0
"kcp","proportion",9,TRUE,0
"kcp","proportion",10,TRUE,0
"decafs","gaussian",1,TRUE,0
"decafs","gaussian",2,FALSE,0
"decafs","gaussian",3,FALSE,0
"decafs","gaussian",4,TRUE,0
"decafs","gaussian",5,TRUE,0
"decafs","gaussian",6,TRUE,0
"decafs","gaussian",7,TRUE,0
"decafs","gaussian",8,FALSE,0
"decafs","gaussian",9,TRUE,0
"decafs","gaussian",10,FALSE,0
"decafs","bernoulli",1,TRUE,104
"decafs","bernoulli",2,TRUE,109
"decafs","bernoulli",3,TRUE,104
"decafs","bernoulli",4,TRUE,102
"decafs","bernoulli",5,TRUE,117
"decafs","bernoulli",6,TRUE,92
"decafs","bernoulli",7,TRUE,100
"decafs","bernoulli",8,TRUE,90
"decafs","bernoulli",9,TRUE,107
"decafs","bernoulli",10,TRUE,99
"decafs","poisson",1,TRUE,0
"decafs","poisson",2,TRUE,0
"decafs","poisson",3,TRUE,0
"decafs","poisson",4,TRUE,0
"decafs","poisson",5,TRUE,0
"decafs","poisson",6,TRUE,2
"decafs","poisson",7,TRUE,0
"decafs","poisson",8,TRUE,0
"decafs","poisson",9,TRUE,0
"decafs","poisson",10,TRUE,0
"decafs","proportion",1,TRUE,0
"decafs","proportion",2,TRUE,0
"decafs","proportion",3,TRUE,0
"decafs","proportion",4,TRUE,0
"decafs","proportion",5,TRUE,0
"decafs","proportion",6,TRUE,358
"decafs","proportion",7,TRUE,0
"decafs","proportion",8,TRUE,358
"decafs","proportion",9,TRUE,358
"decafs","proportion",10,TRUE,358
"sn","gaussian",1,TRUE,0
"sn","gaussian",2,TRUE,0
"sn","gaussian",3,TRUE,0
"sn","gaussian",4,TRUE,0
"sn","gaussian",5,TRUE,0
"sn","gaussian",6,TRUE,0
"sn","gaussian",7,TRUE,0
"sn","gaussian",8,TRUE,0
"sn","gaussian",9,TRUE,0
"sn","gaussian",10,TRUE,0
"sn","bernoulli",1,TRUE,0
"sn","bernoulli",2,TRUE,0
"sn","bernoulli",3,TRUE,0
"sn","bernoulli",4,TRUE,0
"sn","bernoulli",5,TRUE,0
"sn","bernoulli",6,TRUE,0
"sn","bernoulli",7,TRUE,0
"sn","bernoulli",8,TRUE,0
"sn","bernoulli",9,TRUE,0
"sn","bernoulli",10,TRUE,0
"sn","poisson",1,TRUE,0
"sn","poisson",2,TRUE,0
"sn","poisson",3,TRUE,0
"sn","poisson",4,TRUE,0
"sn","poisson",5,TRUE,0
"sn","poisson",6,TRUE,0
"sn","poisson",7,TRUE,0
"sn","poisson",8,TRUE,0
"sn","poisson",9,TRUE,0
"sn","poisson",10,TRUE,0
"sn","proportion",1,TRUE,0
"sn","proportion",2,TRUE,1
"sn","proportion",3,TRUE,0
"sn","proportion",4,TRUE,0
"sn","proportion",5,TRUE,0
"sn","proportion",6,TRUE,0
"sn","proportion",7,TRUE,0
"sn","proportion",8,TRUE,0
"sn","proportion",9,TRUE,1
"sn","proportion",10,TRUE,0
"strucchange","gaussian",1,TRUE,0
"strucchange","gaussian",2,TRUE,0
"strucchange","gaussian",3,TRUE,0
"strucchange","gaussian",4,TRUE,0
"strucchange","gaussian",5,TRUE,0
"strucchange","gaussian",6,TRUE,0
"strucchange","gaussian",7,TRUE,0
"strucchange","gaussian",8,TRUE,0
"strucchange","gaussian",9,TRUE,0
"strucchange","gaussian",10,TRUE,0
"strucchange","bernoulli",1,TRUE,0
"strucchange","bernoulli",2,TRUE,0
"strucchange","bernoulli",3,TRUE,0
"strucchange","bernoulli",4,TRUE,0
"strucchange","bernoulli",5,TRUE,0
"strucchange","bernoulli",6,TRUE,0
"strucchange","bernoulli",7,TRUE,0
"strucchange","bernoulli",8,TRUE,0
"strucchange","bernoulli",9,TRUE,0
"strucchange","bernoulli",10,TRUE,0
"strucchange","poisson",1,TRUE,0
"strucchange","poisson",2,TRUE,0
"strucchange","poisson",3,TRUE,0
"strucchange","poisson",4,TRUE,0
"strucchange","poisson",5,TRUE,0
"strucchange","poisson",6,TRUE,0
"strucchange","poisson",7,TRUE,0
"strucchange","poisson",8,TRUE,0
"strucchange","poisson",9,TRUE,0
"strucchange","poisson",10,TRUE,0
"strucchange","proportion",1,TRUE,0
"strucchange","proportion",2,TRUE,0
"strucchange","proportion",3,TRUE,0
"strucchange","proportion",4,TRUE,0
"strucchange","proportion",5,TRUE,0
"strucchange","proportion",6,TRUE,0
"strucchange","proportion",7,TRUE,0
"strucchange","proportion",8,TRUE,0
"strucchange","proportion",9,TRUE,0
"strucchange","proportion",10,TRUE,0
"segmented","gaussian",1,FALSE,1
"segmented","gaussian",2,FALSE,1
"segmented","gaussian",3,FALSE,1
"segmented","gaussian",4,FALSE,1
"segmented","gaussian",5,FALSE,1
"segmented","gaussian",6,FALSE,1
"segmented","gaussian",7,FALSE,1
"segmented","gaussian",8,FALSE,1
"segmented","gaussian",9,FALSE,1
"segmented","gaussian",10,FALSE,1
"segmented","bernoulli",1,FALSE,1
"segmented","bernoulli",2,FALSE,1
"segmented","bernoulli",3,FALSE,1
"segmented","bernoulli",4,FALSE,1
"segmented","bernoulli",5,FALSE,1
"segmented","bernoulli",6,FALSE,1
"segmented","bernoulli",7,FALSE,1
"segmented","bernoulli",8,FALSE,1
"segmented","bernoulli",9,FALSE,1
"segmented","bernoulli",10,FALSE,1
"segmented","poisson",1,FALSE,1
"segmented","poisson",2,FALSE,1
"segmented","poisson",3,FALSE,1
"segmented","poisson",4,FALSE,1
"segmented","poisson",5,FALSE,1
"segmented","poisson",6,FALSE,1
"segmented","poisson",7,FALSE,1
"segmented","poisson",8,FALSE,1
"segmented","poisson",9,FALSE,1
"segmented","poisson",10,FALSE,1
"segmented","proportion",1,FALSE,1
"segmented","proportion",2,FALSE,1
"segmented","proportion",3,FALSE,1
"segmented","proportion",4,FALSE,1
"segmented","proportion",5,FALSE,1
"segmented","proportion",6,FALSE,1
"segmented","proportion",7,FALSE,1
"segmented","proportion",8,FALSE,1
"segmented","proportion",9,FALSE,1
"segmented","proportion",10,FALSE,1
"envcpt","gaussian",1,TRUE,0
"envcpt","gaussian",2,TRUE,0
"envcpt","gaussian",3,TRUE,0
"envcpt","gaussian",4,TRUE,0
"envcpt","gaussian",5,TRUE,0
"envcpt","gaussian",6,TRUE,0
"envcpt","gaussian",7,TRUE,0
"envcpt","gaussian",8,TRUE,0
"envcpt","gaussian",9,TRUE,0
"envcpt","gaussian",10,TRUE,0
"envcpt","bernoulli",1,FALSE,0
"envcpt","bernoulli",2,FALSE,0
"envcpt","bernoulli",3,FALSE,0
"envcpt","bernoulli",4,FALSE,0
"envcpt","bernoulli",5,FALSE,2
"envcpt","bernoulli",6,FALSE,0
"envcpt","bernoulli",7,FALSE,0
"envcpt","bernoulli",8,FALSE,0
"envcpt","bernoulli",9,FALSE,0
"envcpt","bernoulli",10,FALSE,0
"envcpt","poisson",1,TRUE,0
"envcpt","poisson",2,TRUE,0
"envcpt","poisson",3,TRUE,2
"envcpt","poisson",4,FALSE,2
"envcpt","poisson",5,TRUE,2
"envcpt","poisson",6,TRUE,2
"envcpt","poisson",7,TRUE,0
"envcpt","poisson",8,FALSE,2
"envcpt","poisson",9,TRUE,0
"envcpt","poisson",10,TRUE,2
"envcpt","proportion",1,TRUE,2
"envcpt","proportion",2,TRUE,0
"envcpt","proportion",3,TRUE,2
"envcpt","proportion",4,TRUE,0
"envcpt","proportion",5,TRUE,0
"envcpt","proportion",6,TRUE,2
"envcpt","proportion",7,TRUE,0
"envcpt","proportion",8,TRUE,0
"envcpt","proportion",9,TRUE,0
"envcpt","proportion",10,TRUE,0
"fastcpd","gaussian",1,TRUE,0
"fastcpd","gaussian",2,TRUE,0
"fastcpd","gaussian",3,TRUE,0
"fastcpd","gaussian",4,TRUE,0
"fastcpd","gaussian",5,TRUE,0
"fastcpd","gaussian",6,TRUE,0
"fastcpd","gaussian",7,TRUE,0
"fastcpd","gaussian",8,TRUE,0
"fastcpd","gaussian",9,TRUE,0
"fastcpd","gaussian",10,TRUE,0
"fastcpd","bernoulli",1,TRUE,0
"fastcpd","bernoulli",2,TRUE,0
"fastcpd","bernoulli",3,TRUE,0
"fastcpd","bernoulli",4,TRUE,0
"fastcpd","bernoulli",5,TRUE,0
"fastcpd","bernoulli",6,TRUE,0
"fastcpd","bernoulli",7,TRUE,0
"fastcpd","bernoulli",8,TRUE,0
"fastcpd","bernoulli",9,TRUE,0
"fastcpd","bernoulli",10,TRUE,0
"fastcpd","poisson",1,TRUE,0
"fastcpd","poisson",2,TRUE,0
"fastcpd","poisson",3,TRUE,0
"fastcpd","poisson",4,TRUE,0
"fastcpd","poisson",5,TRUE,0
"fastcpd","poisson",6,TRUE,0
"fastcpd","poisson",7,TRUE,0
"fastcpd","poisson",8,TRUE,0
"fastcpd","poisson",9,TRUE,0
"fastcpd","poisson",10,TRUE,0
"fastcpd","proportion",1,TRUE,0
"fastcpd","proportion",2,TRUE,0
"fastcpd","proportion",3,TRUE,0
"fastcpd","proportion",4,TRUE,0
"fastcpd","proportion",5,TRUE,0
"fastcpd","proportion",6,TRUE,0
"fastcpd","proportion",7,TRUE,0
"fastcpd","proportion",8,TRUE,0
"fastcpd","proportion",9,TRUE,0
"fastcpd","proportion",10,TRUE,0
"nsp","gaussian",1,TRUE,0
"nsp","gaussian",2,TRUE,0
"nsp","gaussian",3,TRUE,0
"nsp","gaussian",4,TRUE,0
"nsp","gaussian",5,TRUE,0
"nsp","gaussian",6,TRUE,0
"nsp","gaussian",7,TRUE,0
"nsp","gaussian",8,TRUE,0
"nsp","gaussian",9,TRUE,0
"nsp","gaussian",10,TRUE,0
"nsp","bernoulli",1,TRUE,104
"nsp","bernoulli",2,TRUE,109
"nsp","bernoulli",3,TRUE,104
"nsp","bernoulli",4,TRUE,102
"nsp","bernoulli",5,TRUE,117
"nsp","bernoulli",6,TRUE,92
"nsp","bernoulli",7,TRUE,100
"nsp","bernoulli",8,TRUE,90
"nsp","bernoulli",9,TRUE,107
"nsp","bernoulli",10,TRUE,99
"nsp","poisson",1,TRUE,1
"nsp","poisson",2,TRUE,1
"nsp","poisson",3,TRUE,1
"nsp","poisson",4,TRUE,1
"nsp","poisson",5,TRUE,1
"nsp","poisson",6,TRUE,2
"nsp","poisson",7,TRUE,1
"nsp","poisson",8,TRUE,0
"nsp","poisson",9,TRUE,0
"nsp","poisson",10,TRUE,0
"nsp","proportion",1,TRUE,0
"nsp","proportion",2,TRUE,0
"nsp","proportion",3,TRUE,0
"nsp","proportion",4,TRUE,0
"nsp","proportion",5,TRUE,0
"nsp","proportion",6,TRUE,0
"nsp","proportion",7,TRUE,0
"nsp","proportion",8,TRUE,0
"nsp","proportion",9,TRUE,0
"nsp","proportion",10,TRUE,0
"wbsts","gaussian",1,FALSE,0
"wbsts","gaussian",2,FALSE,0
"wbsts","gaussian",3,FALSE,0
"wbsts","gaussian",4,FALSE,0
"wbsts","gaussian",5,FALSE,0
"wbsts","gaussian",6,FALSE,0
"wbsts","gaussian",7,FALSE,0
"wbsts","gaussian",8,FALSE,0
"wbsts","gaussian",9,FALSE,0
"wbsts","gaussian",10,FALSE,0
"wbsts","bernoulli",1,TRUE,0
"wbsts","bernoulli",2,TRUE,0
"wbsts","bernoulli",3,FALSE,2
"wbsts","bernoulli",4,FALSE,0
"wbsts","bernoulli",5,FALSE,0
"wbsts","bernoulli",6,FALSE,0
"wbsts","bernoulli",7,FALSE,0
"wbsts","bernoulli",8,FALSE,0
"wbsts","bernoulli",9,FALSE,0
"wbsts","bernoulli",10,FALSE,0
"wbsts","poisson",1,TRUE,0
"wbsts","poisson",2,TRUE,0
"wbsts","poisson",3,TRUE,0
"wbsts","poisson",4,TRUE,0
"wbsts","poisson",5,TRUE,0
"wbsts","poisson",6,TRUE,0
"wbsts","poisson",7,TRUE,0
"wbsts","poisson",8,TRUE,0
"wbsts","poisson",9,TRUE,0
"wbsts","poisson",10,TRUE,0
"wbsts","proportion",1,TRUE,0
"wbsts","proportion",2,FALSE,0
"wbsts","proportion",3,TRUE,0
"wbsts","proportion",4,FALSE,0
"wbsts","proportion",5,FALSE,0
"wbsts","proportion",6,FALSE,0
"wbsts","proportion",7,FALSE,0
"wbsts","proportion",8,FALSE,0
"wbsts","proportion",9,FALSE,0
"wbsts","proportion",10,FALSE,0
"bfast","gaussian",1,TRUE,0
"bfast","gaussian",2,TRUE,0
"bfast","gaussian",3,TRUE,0
"bfast","gaussian",4,TRUE,0
"bfast","gaussian",5,TRUE,0
"bfast","gaussian",6,TRUE,0
"bfast","gaussian",7,TRUE,0
"bfast","gaussian",8,TRUE,0
"bfast","gaussian",9,TRUE,0
"bfast","gaussian",10,TRUE,0
"bfast","bernoulli",1,TRUE,0
"bfast","bernoulli",2,TRUE,0
"bfast","bernoulli",3,TRUE,0
"bfast","bernoulli",4,TRUE,0
"bfast","bernoulli",5,TRUE,0
"bfast","bernoulli",6,TRUE,0
"bfast","bernoulli",7,TRUE,0
"bfast","bernoulli",8,TRUE,0
"bfast","bernoulli",9,TRUE,0
"bfast","bernoulli",10,TRUE,0
"bfast","poisson",1,TRUE,0
"bfast","poisson",2,TRUE,0
"bfast","poisson",3,TRUE,0
"bfast","poisson",4,TRUE,0
"bfast","poisson",5,TRUE,0
"bfast","poisson",6,TRUE,0
"bfast","poisson",7,TRUE,0
"bfast","poisson",8,TRUE,0
"bfast","poisson",9,TRUE,0
"bfast","poisson",10,TRUE,0
"bfast","proportion",1,TRUE,0
"bfast","proportion",2,TRUE,0
"bfast","proportion",3,TRUE,0
"bfast","proportion",4,TRUE,0
"bfast","proportion",5,TRUE,0
"bfast","proportion",6,TRUE,0
"bfast","proportion",7,TRUE,0
"bfast","proportion",8,TRUE,0
"bfast","proportion",9,TRUE,0
"bfast","proportion",10,TRUE,0
"pettitt","gaussian",1,TRUE,0
"pettitt","gaussian",2,TRUE,0
"pettitt","gaussian",3,TRUE,0
"pettitt","gaussian",4,TRUE,0
"pettitt","gaussian",5,TRUE,0
"pettitt","gaussian",6,TRUE,0
"pettitt","gaussian",7,TRUE,0
"pettitt","gaussian",8,TRUE,0
"pettitt","gaussian",9,TRUE,0
"pettitt","gaussian",10,TRUE,0
"pettitt","bernoulli",1,TRUE,0
"pettitt","bernoulli",2,TRUE,0
"pettitt","bernoulli",3,TRUE,0
"pettitt","bernoulli",4,TRUE,0
"pettitt","bernoulli",5,TRUE,0
"pettitt","bernoulli",6,TRUE,0
"pettitt","bernoulli",7,TRUE,0
"pettitt","bernoulli",8,TRUE,0
"pettitt","bernoulli",9,TRUE,0
"pettitt","bernoulli",10,TRUE,0
"pettitt","poisson",1,TRUE,0
"pettitt","poisson",2,TRUE,0
"pettitt","poisson",3,TRUE,0
"pettitt","poisson",4,TRUE,0
"pettitt","poisson",5,TRUE,0
"pettitt","poisson",6,TRUE,0
"pettitt","poisson",7,TRUE,0
"pettitt","poisson",8,TRUE,0
"pettitt","poisson",9,TRUE,0
"pettitt","poisson",10,TRUE,0
"pettitt","proportion",1,TRUE,0
"pettitt","proportion",2,TRUE,0
"pettitt","proportion",3,TRUE,0
"pettitt","proportion",4,TRUE,0
"pettitt","proportion",5,TRUE,0
"pettitt","proportion",6,TRUE,0
"pettitt","proportion",7,TRUE,0
"pettitt","proportion",8,TRUE,0
"pettitt","proportion",9,TRUE,0
"pettitt","proportion",10,TRUE,0
"buishand","gaussian",1,TRUE,0
"buishand","gaussian",2,TRUE,0
"buishand","gaussian",3,TRUE,0
"buishand","gaussian",4,TRUE,0
"buishand","gaussian",5,TRUE,0
"buishand","gaussian",6,TRUE,0
"buishand","gaussian",7,TRUE,0
"buishand","gaussian",8,TRUE,0
"buishand","gaussian",9,TRUE,0
"buishand","gaussian",10,TRUE,0
"buishand","bernoulli",1,TRUE,0
"buishand","bernoulli",2,TRUE,0
"buishand","bernoulli",3,TRUE,0
"buishand","bernoulli",4,TRUE,0
"buishand","bernoulli",5,TRUE,0
"buishand","bernoulli",6,TRUE,0
"buishand","bernoulli",7,TRUE,0
"buishand","bernoulli",8,TRUE,0
"buishand","bernoulli",9,TRUE,0
"buishand","bernoulli",10,TRUE,0
"buishand","poisson",1,TRUE,0
"buishand","poisson",2,TRUE,0
"buishand","poisson",3,TRUE,0
"buishand","poisson",4,TRUE,0
"buishand","poisson",5,TRUE,0
"buishand","poisson",6,TRUE,0
"buishand","poisson",7,TRUE,0
"buishand","poisson",8,TRUE,0
"buishand","poisson",9,TRUE,0
"buishand","poisson",10,TRUE,0
"buishand","proportion",1,TRUE,0
"buishand","proportion",2,TRUE,0
"buishand","proportion",3,TRUE,0
"buishand","proportion",4,TRUE,0
"buishand","proportion",5,TRUE,0
"buishand","proportion",6,TRUE,0
"buishand","proportion",7,TRUE,0
"buishand","proportion",8,TRUE,0
"buishand","proportion",9,TRUE,0
"buishand","proportion",10,TRUE,0
"snht","gaussian",1,TRUE,0
"snht","gaussian",2,TRUE,0
"snht","gaussian",3,TRUE,0
"snht","gaussian",4,TRUE,0
"snht","gaussian",5,TRUE,0
"snht","gaussian",6,TRUE,0
"snht","gaussian",7,TRUE,0
"snht","gaussian",8,TRUE,0
"snht","gaussian",9,TRUE,0
"snht","gaussian",10,TRUE,0
"snht","bernoulli",1,TRUE,0
"snht","bernoulli",2,TRUE,0
"snht","bernoulli",3,TRUE,0
"snht","bernoulli",4,TRUE,0
"snht","bernoulli",5,TRUE,0
"snht","bernoulli",6,TRUE,0
"snht","bernoulli",7,TRUE,0
"snht","bernoulli",8,TRUE,0
"snht","bernoulli",9,TRUE,0
"snht","bernoulli",10,TRUE,0
"snht","poisson",1,TRUE,0
"snht","poisson",2,TRUE,0
"snht","poisson",3,TRUE,0
"snht","poisson",4,TRUE,0
"snht","poisson",5,TRUE,0
"snht","poisson",6,TRUE,0
"snht","poisson",7,TRUE,0
"snht","poisson",8,TRUE,0
"snht","poisson",9,TRUE,0
"snht","poisson",10,TRUE,0
"snht","proportion",1,TRUE,0
"snht","proportion",2,TRUE,0
"snht","proportion",3,TRUE,0
"snht","proportion",4,TRUE,0
"snht","proportion",5,TRUE,0
"snht","proportion",6,TRUE,0
"snht","proportion",7,TRUE,0
"snht","proportion",8,TRUE,0
"snht","proportion",9,TRUE,0
"snht","proportion",10,TRUE,0
"taylor","gaussian",1,TRUE,0
"taylor","gaussian",2,TRUE,0
"taylor","gaussian",3,TRUE,2
"taylor","gaussian",4,TRUE,0
"taylor","gaussian",5,TRUE,0
"taylor","gaussian",6,TRUE,0
"taylor","gaussian",7,TRUE,0
"taylor","gaussian",8,TRUE,0
"taylor","gaussian",9,TRUE,0
"taylor","gaussian",10,TRUE,2
"taylor","bernoulli",1,TRUE,0
"taylor","bernoulli",2,TRUE,1
"taylor","bernoulli",3,TRUE,0
"taylor","bernoulli",4,TRUE,2
"taylor","bernoulli",5,TRUE,0
"taylor","bernoulli",6,TRUE,0
"taylor","bernoulli",7,TRUE,0
"taylor","bernoulli",8,TRUE,0
"taylor","bernoulli",9,TRUE,0
"taylor","bernoulli",10,TRUE,0
"taylor","poisson",1,TRUE,0
"taylor","poisson",2,TRUE,0
"taylor","poisson",3,TRUE,0
"taylor","poisson",4,TRUE,2
"taylor","poisson",5,TRUE,0
"taylor","poisson",6,TRUE,0
"taylor","poisson",7,TRUE,0
"taylor","poisson",8,TRUE,0
"taylor","poisson",9,TRUE,0
"taylor","poisson",10,TRUE,0
"taylor","proportion",1,TRUE,0
"taylor","proportion",2,TRUE,0
"taylor","proportion",3,TRUE,0
"taylor","proportion",4,TRUE,1
"taylor","proportion",5,TRUE,2
"taylor","proportion",6,TRUE,3
"taylor","proportion",7,TRUE,0
"taylor","proportion",8,TRUE,0
"taylor","proportion",9,TRUE,0
"taylor","proportion",10,TRUE,0
"binsegrcpp","gaussian",1,TRUE,0
"binsegrcpp","gaussian",2,TRUE,0
"binsegrcpp","gaussian",3,TRUE,0
"binsegrcpp","gaussian",4,TRUE,0
"binsegrcpp","gaussian",5,TRUE,0
"binsegrcpp","gaussian",6,TRUE,0
"binsegrcpp","gaussian",7,TRUE,0
"binsegrcpp","gaussian",8,TRUE,0
"binsegrcpp","gaussian",9,TRUE,0
"binsegrcpp","gaussian",10,TRUE,0
"binsegrcpp","bernoulli",1,TRUE,0
"binsegrcpp","bernoulli",2,TRUE,0
"binsegrcpp","bernoulli",3,TRUE,0
"binsegrcpp","bernoulli",4,TRUE,2
"binsegrcpp","bernoulli",5,TRUE,0
"binsegrcpp","bernoulli",6,TRUE,0
"binsegrcpp","bernoulli",7,TRUE,0
"binsegrcpp","bernoulli",8,TRUE,0
"binsegrcpp","bernoulli",9,TRUE,0
"binsegrcpp","bernoulli",10,TRUE,0
"binsegrcpp","poisson",1,TRUE,0
"binsegrcpp","poisson",2,TRUE,0
"binsegrcpp","poisson",3,TRUE,0
"binsegrcpp","poisson",4,TRUE,0
"binsegrcpp","poisson",5,TRUE,0
"binsegrcpp","poisson",6,TRUE,0
"binsegrcpp","poisson",7,TRUE,0
"binsegrcpp","poisson",8,TRUE,0
"binsegrcpp","poisson",9,TRUE,2
"binsegrcpp","poisson",10,TRUE,0
"binsegrcpp","proportion",1,TRUE,0
"binsegrcpp","proportion",2,TRUE,0
"binsegrcpp","proportion",3,TRUE,0
"binsegrcpp","proportion",4,TRUE,0
"binsegrcpp","proportion",5,TRUE,0
"binsegrcpp","proportion",6,TRUE,0
"binsegrcpp","proportion",7,TRUE,0
"binsegrcpp","proportion",8,TRUE,0
"binsegrcpp","proportion",9,TRUE,0
"binsegrcpp","proportion",10,TRUE,0
