"method","rep","k","scale","shift","reversal","concat_k","dup_k","error"
"pelt",1,2,FALSE,TRUE,TRUE,4,2,NA
"pelt",2,2,FALSE,TRUE,TRUE,4,2,NA
"pelt",3,2,FALSE,TRUE,TRUE,4,2,NA
"pelt",4,2,FALSE,TRUE,TRUE,4,2,NA
"pelt",5,2,FALSE,TRUE,TRUE,4,2,NA
"binseg",1,2,FALSE,TRUE,TRUE,4,2,NA
"binseg",2,2,FALSE,TRUE,TRUE,4,2,NA
"binseg",3,2,FALSE,TRUE,TRUE,4,2,NA
"binseg",4,2,FALSE,TRUE,TRUE,4,2,NA
"binseg",5,2,FALSE,TRUE,TRUE,5,2,NA
"segneigh",1,2,FALSE,TRUE,TRUE,4,3,NA
"segneigh",2,2,FALSE,TRUE,TRUE,4,3,NA
"segneigh",3,2,FALSE,TRUE,TRUE,4,4,NA
"segneigh",4,2,FALSE,TRUE,TRUE,4,4,NA
"segneigh",5,2,FALSE,TRUE,TRUE,4,4,NA
"amoc",1,1,FALSE,TRUE,TRUE,1,1,NA
"amoc",2,1,FALSE,TRUE,TRUE,1,1,NA
"amoc",3,1,FALSE,TRUE,TRUE,1,1,NA
"amoc",4,1,FALSE,TRUE,TRUE,1,1,NA
"amoc",5,1,FALSE,TRUE,TRUE,1,1,NA
"np",1,2,TRUE,TRUE,TRUE,4,5,NA
"np",2,2,TRUE,TRUE,TRUE,4,4,NA
"np",3,2,TRUE,TRUE,TRUE,4,6,NA
"np",4,2,TRUE,TRUE,TRUE,4,8,NA
"np",5,2,TRUE,TRUE,TRUE,6,6,NA
"ecp",1,2,TRUE,TRUE,TRUE,4,6,NA
"ecp",2,2,TRUE,TRUE,TRUE,4,2,NA
"ecp",3,2,TRUE,TRUE,TRUE,4,4,NA
"ecp",4,2,TRUE,TRUE,TRUE,4,2,NA
"ecp",5,2,TRUE,TRUE,TRUE,4,3,NA
"fpop",1,2,FALSE,TRUE,TRUE,4,3,NA
"fpop",2,2,FALSE,TRUE,TRUE,4,2,NA
"fpop",3,2,FALSE,TRUE,TRUE,4,2,NA
"fpop",4,2,FALSE,TRUE,TRUE,4,2,NA
"fpop",5,2,FALSE,TRUE,TRUE,4,2,NA
"wbs",1,2,TRUE,TRUE,TRUE,4,2,NA
"wbs",2,2,TRUE,TRUE,TRUE,4,2,NA
"wbs",3,2,TRUE,TRUE,TRUE,4,4,NA
"wbs",4,2,TRUE,TRUE,TRUE,4,2,NA
"wbs",5,2,TRUE,TRUE,TRUE,4,2,NA
"wbs2",1,2,TRUE,TRUE,TRUE,4,199,NA
"wbs2",2,2,TRUE,TRUE,TRUE,4,199,NA
"wbs2",3,2,TRUE,TRUE,TRUE,4,199,NA
"wbs2",4,2,TRUE,TRUE,TRUE,4,199,NA
"wbs2",5,2,TRUE,TRUE,TRUE,4,199,NA
"not",1,2,TRUE,TRUE,TRUE,4,2,NA
"not",2,2,TRUE,TRUE,TRUE,4,2,NA
"not",3,2,TRUE,TRUE,TRUE,4,4,NA
"not",4,2,TRUE,TRUE,TRUE,4,2,NA
"not",5,2,TRUE,TRUE,TRUE,4,2,NA
"mosum",1,2,TRUE,TRUE,TRUE,4,3,NA
"mosum",2,2,TRUE,TRUE,TRUE,4,3,NA
"mosum",3,2,TRUE,TRUE,TRUE,4,2,NA
"mosum",4,2,TRUE,TRUE,TRUE,4,5,NA
"mosum",5,2,TRUE,TRUE,TRUE,4,3,NA
"idetect",1,2,TRUE,TRUE,TRUE,4,161,NA
"idetect",2,2,TRUE,TRUE,TRUE,4,174,NA
"idetect",3,2,TRUE,TRUE,TRUE,4,168,NA
"idetect",4,2,TRUE,TRUE,TRUE,4,170,NA
"idetect",5,2,TRUE,TRUE,TRUE,4,172,NA
"tguh",1,2,TRUE,TRUE,TRUE,4,2,NA
"tguh",2,2,TRUE,TRUE,TRUE,4,2,NA
"tguh",3,2,TRUE,TRUE,TRUE,4,2,NA
"tguh",4,2,TRUE,TRUE,TRUE,4,2,NA
"tguh",5,2,TRUE,TRUE,TRUE,4,4,NA
"smuce",1,2,TRUE,TRUE,TRUE,4,158,NA
"smuce",2,2,TRUE,TRUE,TRUE,4,198,NA
"smuce",3,2,TRUE,TRUE,TRUE,4,191,NA
"smuce",4,2,TRUE,TRUE,TRUE,4,196,NA
"smuce",5,2,TRUE,TRUE,TRUE,4,151,NA
"hsmuce",1,2,TRUE,TRUE,TRUE,4,100,NA
"hsmuce",2,2,TRUE,TRUE,TRUE,4,100,NA
"hsmuce",3,2,TRUE,TRUE,TRUE,4,100,NA
"hsmuce",4,2,TRUE,TRUE,TRUE,4,100,NA
"hsmuce",5,2,TRUE,TRUE,TRUE,4,100,NA
"cpop",1,4,TRUE,TRUE,TRUE,8,7,NA
"cpop",2,4,TRUE,TRUE,TRUE,8,7,NA
"cpop",3,4,TRUE,TRUE,TRUE,8,10,NA
"cpop",4,4,TRUE,TRUE,TRUE,8,19,NA
"cpop",5,4,TRUE,TRUE,TRUE,8,10,NA
"bcp",1,1,TRUE,TRUE,FALSE,4,171,NA
"bcp",2,2,TRUE,TRUE,TRUE,3,2,NA
"bcp",3,2,TRUE,TRUE,TRUE,4,6,NA
"bcp",4,2,TRUE,TRUE,TRUE,4,164,NA
"bcp",5,2,TRUE,TRUE,TRUE,4,165,NA
"bocpd",1,2,TRUE,TRUE,TRUE,4,3,NA
"bocpd",2,2,TRUE,TRUE,TRUE,4,2,NA
"bocpd",3,2,TRUE,TRUE,TRUE,4,2,NA
"bocpd",4,2,TRUE,TRUE,TRUE,4,2,NA
"bocpd",5,2,TRUE,TRUE,TRUE,4,2,NA
"beast",1,2,TRUE,TRUE,TRUE,4,2,NA
"beast",2,2,TRUE,TRUE,TRUE,4,2,NA
"beast",3,2,TRUE,TRUE,TRUE,4,5,NA
"beast",4,2,TRUE,TRUE,TRUE,4,3,NA
"beast",5,2,TRUE,TRUE,TRUE,4,3,NA
"cpm",1,2,TRUE,TRUE,FALSE,4,6,NA
"cpm",2,2,TRUE,TRUE,FALSE,4,3,NA
"cpm",3,2,TRUE,TRUE,TRUE,4,5,NA
"cpm",4,2,TRUE,TRUE,TRUE,4,10,NA
"cpm",5,3,TRUE,TRUE,FALSE,6,5,NA
"kcp",1,2,TRUE,TRUE,TRUE,0,2,NA
"kcp",2,2,TRUE,TRUE,TRUE,0,2,NA
"kcp",3,2,TRUE,TRUE,TRUE,4,2,NA
"kcp",4,2,TRUE,TRUE,TRUE,4,2,NA
"kcp",5,2,TRUE,TRUE,TRUE,4,2,NA
"npmojo",1,2,TRUE,TRUE,TRUE,4,2,NA
"npmojo",2,2,TRUE,TRUE,TRUE,4,2,NA
"npmojo",3,2,TRUE,TRUE,TRUE,4,2,NA
"npmojo",4,2,TRUE,TRUE,TRUE,4,2,NA
"npmojo",5,2,TRUE,TRUE,TRUE,4,2,NA
"decafs",1,1,TRUE,TRUE,TRUE,0,1,NA
"decafs",2,1,TRUE,TRUE,TRUE,2,2,NA
"decafs",3,2,TRUE,TRUE,TRUE,2,1,NA
"decafs",4,2,TRUE,TRUE,TRUE,0,2,NA
"decafs",5,0,TRUE,TRUE,TRUE,0,2,NA
"sn",1,2,TRUE,TRUE,TRUE,4,2,NA
"sn",2,2,TRUE,TRUE,TRUE,4,2,NA
"sn",3,2,TRUE,TRUE,TRUE,4,2,NA
"sn",4,2,TRUE,TRUE,TRUE,4,2,NA
"sn",5,2,TRUE,TRUE,TRUE,4,2,NA
"inspect",1,2,TRUE,TRUE,TRUE,4,NA,NA
"inspect",2,2,TRUE,TRUE,TRUE,4,NA,NA
"inspect",3,2,TRUE,TRUE,TRUE,4,NA,NA
"inspect",4,2,TRUE,TRUE,TRUE,4,NA,NA
"inspect",5,2,TRUE,TRUE,FALSE,4,NA,NA
"ocd",NA,NA,NA,NA,NA,NA,NA,"! callr timed out"
"geomcp",1,2,TRUE,TRUE,TRUE,4,199,NA
"geomcp",2,2,FALSE,TRUE,TRUE,4,199,NA
"geomcp",3,2,FALSE,TRUE,TRUE,4,199,NA
"geomcp",4,2,FALSE,TRUE,TRUE,4,199,NA
"geomcp",5,2,TRUE,TRUE,TRUE,4,199,NA
"strucchange",1,2,TRUE,TRUE,TRUE,4,2,NA
"strucchange",2,2,TRUE,TRUE,TRUE,4,2,NA
"strucchange",3,2,TRUE,TRUE,TRUE,4,2,NA
"strucchange",4,2,TRUE,TRUE,TRUE,4,2,NA
"strucchange",5,2,TRUE,TRUE,TRUE,4,3,NA
"segmented",1,1,TRUE,TRUE,TRUE,1,1,NA
"segmented",2,1,TRUE,TRUE,TRUE,1,1,NA
"segmented",3,1,TRUE,TRUE,TRUE,1,1,NA
"segmented",4,1,TRUE,TRUE,TRUE,1,1,NA
"segmented",5,1,TRUE,TRUE,TRUE,1,1,NA
"envcpt",1,2,FALSE,TRUE,TRUE,4,4,NA
"envcpt",2,2,FALSE,TRUE,FALSE,4,6,NA
"envcpt",3,2,TRUE,TRUE,TRUE,4,5,NA
"envcpt",4,2,TRUE,TRUE,FALSE,4,3,NA
"envcpt",5,2,FALSE,TRUE,FALSE,4,5,NA
"fastcpd",1,2,TRUE,TRUE,TRUE,4,4,NA
"fastcpd",2,2,TRUE,TRUE,TRUE,4,2,NA
"fastcpd",3,2,TRUE,TRUE,TRUE,4,2,NA
"fastcpd",4,2,TRUE,TRUE,TRUE,4,4,NA
"fastcpd",5,2,TRUE,TRUE,TRUE,4,3,NA
"nsp",1,2,TRUE,TRUE,FALSE,4,199,NA
"nsp",2,2,TRUE,TRUE,TRUE,4,199,NA
"nsp",3,2,TRUE,TRUE,TRUE,4,199,NA
"nsp",4,2,TRUE,TRUE,TRUE,4,199,NA
"nsp",5,2,TRUE,TRUE,FALSE,4,199,NA
"esac",1,2,TRUE,TRUE,TRUE,4,0,NA
"esac",2,2,TRUE,TRUE,TRUE,4,0,NA
"esac",3,2,TRUE,TRUE,TRUE,4,0,NA
"esac",4,2,TRUE,TRUE,TRUE,4,0,NA
"esac",5,2,TRUE,TRUE,TRUE,4,0,NA
"pilliat",1,2,TRUE,TRUE,TRUE,4,0,NA
"pilliat",2,2,TRUE,TRUE,TRUE,4,0,NA
"pilliat",3,2,TRUE,TRUE,TRUE,4,0,NA
"pilliat",4,2,TRUE,TRUE,TRUE,4,0,NA
"pilliat",5,2,TRUE,TRUE,TRUE,4,0,NA
"hdcov",1,5,TRUE,TRUE,TRUE,7,6,NA
"hdcov",2,4,TRUE,TRUE,TRUE,4,5,NA
"hdcov",3,3,TRUE,TRUE,FALSE,6,5,NA
"hdcov",4,2,TRUE,TRUE,TRUE,5,6,NA
"hdcov",5,5,TRUE,TRUE,FALSE,5,5,NA
"network",1,2,TRUE,TRUE,TRUE,4,2,NA
"network",2,2,TRUE,TRUE,TRUE,4,2,NA
"network",3,2,TRUE,TRUE,TRUE,4,2,NA
"network",4,2,TRUE,TRUE,TRUE,4,2,NA
"network",5,2,TRUE,TRUE,TRUE,4,2,NA
"var",1,2,FALSE,FALSE,FALSE,2,3,NA
"var",2,1,TRUE,FALSE,FALSE,3,3,NA
"var",3,1,FALSE,FALSE,TRUE,2,2,NA
"var",4,1,FALSE,FALSE,TRUE,2,2,NA
"var",5,3,FALSE,FALSE,FALSE,2,3,NA
"hdreg",1,NA,NA,NA,NA,NA,NA,NA
"hdreg",2,NA,NA,NA,NA,NA,NA,NA
"hdreg",3,NA,NA,NA,NA,NA,NA,NA
"hdreg",4,NA,NA,NA,NA,NA,NA,NA
"hdreg",5,NA,NA,NA,NA,NA,NA,NA
"fmean",1,2,TRUE,TRUE,TRUE,0,2,NA
"fmean",2,2,TRUE,TRUE,TRUE,0,2,NA
"fmean",3,3,FALSE,TRUE,FALSE,0,3,NA
"fmean",4,2,TRUE,TRUE,TRUE,0,2,NA
"fmean",5,3,TRUE,TRUE,TRUE,0,3,NA
"fcov",NA,NA,NA,NA,NA,NA,NA,"! callr timed out"
"kwc",1,2,TRUE,TRUE,TRUE,4,3,NA
"kwc",2,2,TRUE,TRUE,TRUE,4,2,NA
"kwc",3,2,TRUE,TRUE,TRUE,4,3,NA
"kwc",4,2,TRUE,TRUE,TRUE,4,2,NA
"kwc",5,2,TRUE,TRUE,TRUE,4,5,NA
"wbsts",1,0,TRUE,TRUE,TRUE,0,1,NA
"wbsts",2,0,TRUE,TRUE,TRUE,2,0,NA
"wbsts",3,1,TRUE,TRUE,FALSE,1,1,NA
"wbsts",4,0,TRUE,TRUE,TRUE,0,0,NA
"wbsts",5,0,TRUE,TRUE,TRUE,0,0,NA
"bfast",1,2,TRUE,TRUE,TRUE,4,2,NA
"bfast",2,2,TRUE,TRUE,TRUE,4,2,NA
"bfast",3,2,TRUE,TRUE,TRUE,4,2,NA
"bfast",4,2,TRUE,TRUE,TRUE,4,2,NA
"bfast",5,2,TRUE,TRUE,TRUE,4,2,NA
"pettitt",1,1,TRUE,TRUE,TRUE,1,1,NA
"pettitt",2,1,TRUE,TRUE,TRUE,1,1,NA
"pettitt",3,1,TRUE,TRUE,TRUE,1,1,NA
"pettitt",4,1,TRUE,TRUE,TRUE,1,1,NA
"pettitt",5,1,TRUE,TRUE,TRUE,1,1,NA
"buishand",1,1,TRUE,TRUE,TRUE,1,1,NA
"buishand",2,1,TRUE,TRUE,TRUE,1,1,NA
"buishand",3,1,TRUE,TRUE,TRUE,1,1,NA
"buishand",4,1,TRUE,TRUE,TRUE,1,1,NA
"buishand",5,1,TRUE,TRUE,TRUE,1,1,NA
"snht",1,1,TRUE,TRUE,TRUE,1,1,NA
"snht",2,1,TRUE,TRUE,TRUE,1,1,NA
"snht",3,1,TRUE,TRUE,TRUE,1,1,NA
"snht",4,1,TRUE,TRUE,TRUE,1,1,NA
"snht",5,1,TRUE,TRUE,TRUE,1,1,NA
"taylor",1,3,TRUE,FALSE,FALSE,4,11,NA
"taylor",2,2,TRUE,TRUE,TRUE,4,3,NA
"taylor",3,4,TRUE,TRUE,TRUE,8,11,NA
"taylor",4,2,TRUE,TRUE,FALSE,4,19,NA
"taylor",5,3,TRUE,TRUE,TRUE,6,6,NA
"binsegrcpp",1,2,TRUE,TRUE,TRUE,4,3,NA
"binsegrcpp",2,2,TRUE,TRUE,TRUE,4,2,NA
"binsegrcpp",3,2,TRUE,TRUE,TRUE,4,3,NA
"binsegrcpp",4,2,TRUE,TRUE,TRUE,4,4,NA
"binsegrcpp",5,2,TRUE,TRUE,TRUE,5,3,NA
