"method","n","rep","fp"
"pelt",1000,1,0
"pelt",1000,2,0
"pelt",1000,3,0
"pelt",1000,4,0
"pelt",1000,5,0
"pelt",1000,6,0
"pelt",1000,7,0
"pelt",1000,8,0
"pelt",1000,9,0
"pelt",1000,10,0
"pelt",1000,11,0
"pelt",1000,12,0
"pelt",1000,13,0
"pelt",1000,14,0
"pelt",1000,15,0
"pelt",1000,16,0
"pelt",1000,17,0
"pelt",1000,18,0
"pelt",1000,19,0
"pelt",1000,20,0
"pelt",1000,21,0
"pelt",1000,22,0
"pelt",1000,23,0
"pelt",1000,24,0
"pelt",1000,25,0
"pelt",1000,26,0
"pelt",1000,27,0
"pelt",1000,28,0
"pelt",1000,29,0
"pelt",1000,30,0
"pelt",1000,31,0
"pelt",1000,32,0
"pelt",1000,33,0
"pelt",1000,34,0
"pelt",1000,35,0
"pelt",1000,36,0
"pelt",1000,37,0
"pelt",1000,38,0
"pelt",1000,39,0
"pelt",1000,40,0
"pelt",1000,41,0
"pelt",1000,42,0
"pelt",1000,43,0
"pelt",1000,44,0
"pelt",1000,45,0
"pelt",1000,46,0
"pelt",1000,47,0
"pelt",1000,48,0
"pelt",1000,49,0
"pelt",1000,50,0
"binseg",1000,1,0
"binseg",1000,2,0
"binseg",1000,3,0
"binseg",1000,4,0
"binseg",1000,5,0
"binseg",1000,6,0
"binseg",1000,7,0
"binseg",1000,8,0
"binseg",1000,9,0
"binseg",1000,10,0
"binseg",1000,11,0
"binseg",1000,12,0
"binseg",1000,13,0
"binseg",1000,14,0
"binseg",1000,15,0
"binseg",1000,16,0
"binseg",1000,17,0
"binseg",1000,18,0
"binseg",1000,19,0
"binseg",1000,20,0
"binseg",1000,21,0
"binseg",1000,22,0
"binseg",1000,23,0
"binseg",1000,24,0
"binseg",1000,25,0
"binseg",1000,26,0
"binseg",1000,27,0
"binseg",1000,28,0
"binseg",1000,29,0
"binseg",1000,30,0
"binseg",1000,31,0
"binseg",1000,32,0
"binseg",1000,33,0
"binseg",1000,34,0
"binseg",1000,35,0
"binseg",1000,36,0
"binseg",1000,37,0
"binseg",1000,38,0
"binseg",1000,39,0
"binseg",1000,40,0
"binseg",1000,41,0
"binseg",1000,42,0
"binseg",1000,43,0
"binseg",1000,44,0
"binseg",1000,45,0
"binseg",1000,46,0
"binseg",1000,47,0
"binseg",1000,48,0
"binseg",1000,49,0
"binseg",1000,50,0
"segneigh",1000,1,0
"segneigh",1000,2,0
"segneigh",1000,3,0
"segneigh",1000,4,0
"segneigh",1000,5,0
"segneigh",1000,6,0
"segneigh",1000,7,0
"segneigh",1000,8,0
"segneigh",1000,9,0
"segneigh",1000,10,0
"segneigh",1000,11,0
"segneigh",1000,12,1
"segneigh",1000,13,0
"segneigh",1000,14,0
"segneigh",1000,15,0
"segneigh",1000,16,0
"segneigh",1000,17,0
"segneigh",1000,18,0
"segneigh",1000,19,0
"segneigh",1000,20,0
"segneigh",1000,21,0
"segneigh",1000,22,0
"segneigh",1000,23,0
"segneigh",1000,24,0
"segneigh",1000,25,0
"segneigh",1000,26,0
"segneigh",1000,27,0
"segneigh",1000,28,0
"segneigh",1000,29,0
"segneigh",1000,30,0
"segneigh",1000,31,0
"segneigh",1000,32,0
"segneigh",1000,33,0
"segneigh",1000,34,0
"segneigh",1000,35,0
"segneigh",1000,36,0
"segneigh",1000,37,0
"segneigh",1000,38,0
"segneigh",1000,39,0
"segneigh",1000,40,0
"segneigh",1000,41,0
"segneigh",1000,42,0
"segneigh",1000,43,0
"segneigh",1000,44,0
"segneigh",1000,45,0
"segneigh",1000,46,0
"segneigh",1000,47,0
"segneigh",1000,48,0
"segneigh",1000,49,0
"segneigh",1000,50,0
"amoc",1000,1,0
"amoc",1000,2,0
"amoc",1000,3,0
"amoc",1000,4,0
"amoc",1000,5,0
"amoc",1000,6,0
"amoc",1000,7,0
"amoc",1000,8,0
"amoc",1000,9,0
"amoc",1000,10,0
"amoc",1000,11,0
"amoc",1000,12,0
"amoc",1000,13,0
"amoc",1000,14,0
"amoc",1000,15,0
"amoc",1000,16,0
"amoc",1000,17,0
"amoc",1000,18,0
"amoc",1000,19,0
"amoc",1000,20,0
"amoc",1000,21,0
"amoc",1000,22,0
"amoc",1000,23,0
"amoc",1000,24,0
"amoc",1000,25,0
"amoc",1000,26,0
"amoc",1000,27,0
"amoc",1000,28,0
"amoc",1000,29,0
"amoc",1000,30,0
"amoc",1000,31,0
"amoc",1000,32,0
"amoc",1000,33,0
"amoc",1000,34,0
"amoc",1000,35,0
"amoc",1000,36,0
"amoc",1000,37,0
"amoc",1000,38,0
"amoc",1000,39,0
"amoc",1000,40,0
"amoc",1000,41,0
"amoc",1000,42,0
"amoc",1000,43,0
"amoc",1000,44,0
"amoc",1000,45,0
"amoc",1000,46,0
"amoc",1000,47,0
"amoc",1000,48,0
"amoc",1000,49,0
"amoc",1000,50,0
"np",1000,1,2
"np",1000,2,2
"np",1000,3,6
"np",1000,4,0
"np",1000,5,2
"np",1000,6,1
"np",1000,7,1
"np",1000,8,2
"np",1000,9,0
"np",1000,10,2
"np",1000,11,7
"np",1000,12,1
"np",1000,13,1
"np",1000,14,2
"np",1000,15,4
"np",1000,16,2
"np",1000,17,0
"np",1000,18,2
"np",1000,19,2
"np",1000,20,2
"np",1000,21,2
"np",1000,22,6
"np",1000,23,2
"np",1000,24,0
"np",1000,25,2
"np",1000,26,2
"np",1000,27,2
"np",1000,28,0
"np",1000,29,2
"np",1000,30,2
"np",1000,31,0
"np",1000,32,0
"np",1000,33,2
"np",1000,34,0
"np",1000,35,0
"np",1000,36,4
"np",1000,37,0
"np",1000,38,2
"np",1000,39,0
"np",1000,40,4
"np",1000,41,4
"np",1000,42,2
"np",1000,43,1
"np",1000,44,5
"np",1000,45,0
"np",1000,46,3
"np",1000,47,5
"np",1000,48,2
"np",1000,49,2
"np",1000,50,0
"ecp",1000,1,0
"ecp",1000,2,0
"ecp",1000,3,0
"ecp",1000,4,0
"ecp",1000,5,0
"ecp",1000,6,0
"ecp",1000,7,2
"ecp",1000,8,0
"ecp",1000,9,0
"ecp",1000,10,0
"ecp",1000,11,0
"ecp",1000,12,1
"ecp",1000,13,0
"ecp",1000,14,0
"ecp",1000,15,0
"ecp",1000,16,0
"ecp",1000,17,0
"ecp",1000,18,0
"ecp",1000,19,2
"ecp",1000,20,0
"ecp",1000,21,0
"ecp",1000,22,2
"ecp",1000,23,0
"ecp",1000,24,0
"ecp",1000,25,0
"ecp",1000,26,0
"ecp",1000,27,0
"ecp",1000,28,0
"ecp",1000,29,0
"ecp",1000,30,0
"ecp",1000,31,0
"ecp",1000,32,0
"ecp",1000,33,0
"ecp",1000,34,0
"ecp",1000,35,0
"ecp",1000,36,0
"ecp",1000,37,0
"ecp",1000,38,0
"ecp",1000,39,0
"ecp",1000,40,0
"ecp",1000,41,0
"ecp",1000,42,0
"ecp",1000,43,0
"ecp",1000,44,1
"ecp",1000,45,0
"ecp",1000,46,0
"ecp",1000,47,0
"ecp",1000,48,0
"ecp",1000,49,0
"ecp",1000,50,0
"fpop",1000,1,0
"fpop",1000,2,0
"fpop",1000,3,0
"fpop",1000,4,0
"fpop",1000,5,0
"fpop",1000,6,0
"fpop",1000,7,0
"fpop",1000,8,0
"fpop",1000,9,0
"fpop",1000,10,0
"fpop",1000,11,0
"fpop",1000,12,0
"fpop",1000,13,0
"fpop",1000,14,0
"fpop",1000,15,0
"fpop",1000,16,0
"fpop",1000,17,0
"fpop",1000,18,0
"fpop",1000,19,0
"fpop",1000,20,0
"fpop",1000,21,0
"fpop",1000,22,0
"fpop",1000,23,0
"fpop",1000,24,0
"fpop",1000,25,0
"fpop",1000,26,0
"fpop",1000,27,0
"fpop",1000,28,0
"fpop",1000,29,0
"fpop",1000,30,0
"fpop",1000,31,0
"fpop",1000,32,0
"fpop",1000,33,0
"fpop",1000,34,0
"fpop",1000,35,0
"fpop",1000,36,0
"fpop",1000,37,0
"fpop",1000,38,0
"fpop",1000,39,0
"fpop",1000,40,0
"fpop",1000,41,0
"fpop",1000,42,0
"fpop",1000,43,0
"fpop",1000,44,0
"fpop",1000,45,0
"fpop",1000,46,0
"fpop",1000,47,0
"fpop",1000,48,0
"fpop",1000,49,0
"fpop",1000,50,0
"wbs",1000,1,0
"wbs",1000,2,0
"wbs",1000,3,0
"wbs",1000,4,0
"wbs",1000,5,0
"wbs",1000,6,0
"wbs",1000,7,0
"wbs",1000,8,0
"wbs",1000,9,0
"wbs",1000,10,0
"wbs",1000,11,0
"wbs",1000,12,0
"wbs",1000,13,0
"wbs",1000,14,0
"wbs",1000,15,0
"wbs",1000,16,0
"wbs",1000,17,0
"wbs",1000,18,0
"wbs",1000,19,0
"wbs",1000,20,0
"wbs",1000,21,0
"wbs",1000,22,2
"wbs",1000,23,0
"wbs",1000,24,0
"wbs",1000,25,0
"wbs",1000,26,0
"wbs",1000,27,0
"wbs",1000,28,0
"wbs",1000,29,0
"wbs",1000,30,0
"wbs",1000,31,0
"wbs",1000,32,0
"wbs",1000,33,0
"wbs",1000,34,0
"wbs",1000,35,0
"wbs",1000,36,0
"wbs",1000,37,0
"wbs",1000,38,0
"wbs",1000,39,0
"wbs",1000,40,0
"wbs",1000,41,0
"wbs",1000,42,0
"wbs",1000,43,0
"wbs",1000,44,0
"wbs",1000,45,0
"wbs",1000,46,0
"wbs",1000,47,0
"wbs",1000,48,0
"wbs",1000,49,0
"wbs",1000,50,0
"wbs2",1000,1,0
"wbs2",1000,2,0
"wbs2",1000,3,0
"wbs2",1000,4,0
"wbs2",1000,5,3
"wbs2",1000,6,0
"wbs2",1000,7,0
"wbs2",1000,8,0
"wbs2",1000,9,0
"wbs2",1000,10,3
"wbs2",1000,11,0
"wbs2",1000,12,0
"wbs2",1000,13,0
"wbs2",1000,14,0
"wbs2",1000,15,1
"wbs2",1000,16,0
"wbs2",1000,17,0
"wbs2",1000,18,0
"wbs2",1000,19,2
"wbs2",1000,20,0
"wbs2",1000,21,0
"wbs2",1000,22,7
"wbs2",1000,23,0
"wbs2",1000,24,0
"wbs2",1000,25,0
"wbs2",1000,26,0
"wbs2",1000,27,0
"wbs2",1000,28,0
"wbs2",1000,29,0
"wbs2",1000,30,0
"wbs2",1000,31,0
"wbs2",1000,32,0
"wbs2",1000,33,0
"wbs2",1000,34,0
"wbs2",1000,35,2
"wbs2",1000,36,0
"wbs2",1000,37,0
"wbs2",1000,38,0
"wbs2",1000,39,2
"wbs2",1000,40,0
"wbs2",1000,41,1
"wbs2",1000,42,0
"wbs2",1000,43,1
"wbs2",1000,44,1
"wbs2",1000,45,0
"wbs2",1000,46,2
"wbs2",1000,47,4
"wbs2",1000,48,0
"wbs2",1000,49,0
"wbs2",1000,50,0
"not",1000,1,0
"not",1000,2,0
"not",1000,3,0
"not",1000,4,0
"not",1000,5,0
"not",1000,6,0
"not",1000,7,0
"not",1000,8,0
"not",1000,9,0
"not",1000,10,0
"not",1000,11,0
"not",1000,12,0
"not",1000,13,0
"not",1000,14,0
"not",1000,15,0
"not",1000,16,0
"not",1000,17,0
"not",1000,18,0
"not",1000,19,0
"not",1000,20,0
"not",1000,21,0
"not",1000,22,2
"not",1000,23,0
"not",1000,24,0
"not",1000,25,0
"not",1000,26,0
"not",1000,27,0
"not",1000,28,0
"not",1000,29,0
"not",1000,30,0
"not",1000,31,0
"not",1000,32,0
"not",1000,33,0
"not",1000,34,0
"not",1000,35,0
"not",1000,36,0
"not",1000,37,0
"not",1000,38,0
"not",1000,39,0
"not",1000,40,0
"not",1000,41,0
"not",1000,42,0
"not",1000,43,0
"not",1000,44,0
"not",1000,45,0
"not",1000,46,0
"not",1000,47,0
"not",1000,48,0
"not",1000,49,0
"not",1000,50,0
"mosum",1000,1,0
"mosum",1000,2,0
"mosum",1000,3,0
"mosum",1000,4,0
"mosum",1000,5,0
"mosum",1000,6,0
"mosum",1000,7,0
"mosum",1000,8,0
"mosum",1000,9,0
"mosum",1000,10,0
"mosum",1000,11,0
"mosum",1000,12,1
"mosum",1000,13,0
"mosum",1000,14,0
"mosum",1000,15,0
"mosum",1000,16,0
"mosum",1000,17,0
"mosum",1000,18,0
"mosum",1000,19,0
"mosum",1000,20,0
"mosum",1000,21,0
"mosum",1000,22,0
"mosum",1000,23,0
"mosum",1000,24,0
"mosum",1000,25,0
"mosum",1000,26,0
"mosum",1000,27,0
"mosum",1000,28,0
"mosum",1000,29,0
"mosum",1000,30,0
"mosum",1000,31,0
"mosum",1000,32,0
"mosum",1000,33,0
"mosum",1000,34,0
"mosum",1000,35,0
"mosum",1000,36,0
"mosum",1000,37,0
"mosum",1000,38,0
"mosum",1000,39,0
"mosum",1000,40,0
"mosum",1000,41,1
"mosum",1000,42,0
"mosum",1000,43,0
"mosum",1000,44,0
"mosum",1000,45,0
"mosum",1000,46,0
"mosum",1000,47,0
"mosum",1000,48,0
"mosum",1000,49,0
"mosum",1000,50,0
"idetect",1000,1,0
"idetect",1000,2,0
"idetect",1000,3,0
"idetect",1000,4,0
"idetect",1000,5,0
"idetect",1000,6,0
"idetect",1000,7,0
"idetect",1000,8,0
"idetect",1000,9,0
"idetect",1000,10,0
"idetect",1000,11,0
"idetect",1000,12,1
"idetect",1000,13,0
"idetect",1000,14,0
"idetect",1000,15,0
"idetect",1000,16,0
"idetect",1000,17,0
"idetect",1000,18,0
"idetect",1000,19,0
"idetect",1000,20,0
"idetect",1000,21,0
"idetect",1000,22,2
"idetect",1000,23,0
"idetect",1000,24,0
"idetect",1000,25,0
"idetect",1000,26,0
"idetect",1000,27,0
"idetect",1000,28,0
"idetect",1000,29,0
"idetect",1000,30,0
"idetect",1000,31,0
"idetect",1000,32,0
"idetect",1000,33,0
"idetect",1000,34,0
"idetect",1000,35,0
"idetect",1000,36,0
"idetect",1000,37,0
"idetect",1000,38,0
"idetect",1000,39,0
"idetect",1000,40,0
"idetect",1000,41,0
"idetect",1000,42,0
"idetect",1000,43,0
"idetect",1000,44,0
"idetect",1000,45,0
"idetect",1000,46,0
"idetect",1000,47,0
"idetect",1000,48,0
"idetect",1000,49,0
"idetect",1000,50,0
"tguh",1000,1,0
"tguh",1000,2,0
"tguh",1000,3,0
"tguh",1000,4,0
"tguh",1000,5,0
"tguh",1000,6,0
"tguh",1000,7,0
"tguh",1000,8,0
"tguh",1000,9,0
"tguh",1000,10,0
"tguh",1000,11,0
"tguh",1000,12,0
"tguh",1000,13,0
"tguh",1000,14,0
"tguh",1000,15,0
"tguh",1000,16,0
"tguh",1000,17,0
"tguh",1000,18,0
"tguh",1000,19,0
"tguh",1000,20,0
"tguh",1000,21,0
"tguh",1000,22,0
"tguh",1000,23,0
"tguh",1000,24,0
"tguh",1000,25,0
"tguh",1000,26,0
"tguh",1000,27,0
"tguh",1000,28,0
"tguh",1000,29,0
"tguh",1000,30,0
"tguh",1000,31,0
"tguh",1000,32,0
"tguh",1000,33,0
"tguh",1000,34,0
"tguh",1000,35,0
"tguh",1000,36,0
"tguh",1000,37,0
"tguh",1000,38,0
"tguh",1000,39,0
"tguh",1000,40,0
"tguh",1000,41,0
"tguh",1000,42,0
"tguh",1000,43,0
"tguh",1000,44,0
"tguh",1000,45,0
"tguh",1000,46,0
"tguh",1000,47,0
"tguh",1000,48,0
"tguh",1000,49,0
"tguh",1000,50,0
"smuce",1000,1,0
"smuce",1000,2,0
"smuce",1000,3,0
"smuce",1000,4,0
"smuce",1000,5,1
"smuce",1000,6,0
"smuce",1000,7,0
"smuce",1000,8,1
"smuce",1000,9,0
"smuce",1000,10,1
"smuce",1000,11,0
"smuce",1000,12,1
"smuce",1000,13,0
"smuce",1000,14,0
"smuce",1000,15,0
"smuce",1000,16,0
"smuce",1000,17,0
"smuce",1000,18,0
"smuce",1000,19,1
"smuce",1000,20,0
"smuce",1000,21,0
"smuce",1000,22,1
"smuce",1000,23,0
"smuce",1000,24,0
"smuce",1000,25,0
"smuce",1000,26,0
"smuce",1000,27,0
"smuce",1000,28,0
"smuce",1000,29,0
"smuce",1000,30,0
"smuce",1000,31,0
"smuce",1000,32,0
"smuce",1000,33,0
"smuce",1000,34,0
"smuce",1000,35,1
"smuce",1000,36,1
"smuce",1000,37,1
"smuce",1000,38,0
"smuce",1000,39,1
"smuce",1000,40,0
"smuce",1000,41,1
"smuce",1000,42,0
"smuce",1000,43,0
"smuce",1000,44,1
"smuce",1000,45,0
"smuce",1000,46,0
"smuce",1000,47,1
"smuce",1000,48,0
"smuce",1000,49,1
"smuce",1000,50,0
"hsmuce",1000,1,0
"hsmuce",1000,2,0
"hsmuce",1000,3,0
"hsmuce",1000,4,0
"hsmuce",1000,5,1
"hsmuce",1000,6,1
"hsmuce",1000,7,1
"hsmuce",1000,8,0
"hsmuce",1000,9,0
"hsmuce",1000,10,0
"hsmuce",1000,11,0
"hsmuce",1000,12,0
"hsmuce",1000,13,0
"hsmuce",1000,14,0
"hsmuce",1000,15,0
"hsmuce",1000,16,1
"hsmuce",1000,17,0
"hsmuce",1000,18,0
"hsmuce",1000,19,0
"hsmuce",1000,20,2
"hsmuce",1000,21,0
"hsmuce",1000,22,0
"hsmuce",1000,23,0
"hsmuce",1000,24,1
"hsmuce",1000,25,0
"hsmuce",1000,26,0
"hsmuce",1000,27,0
"hsmuce",1000,28,0
"hsmuce",1000,29,1
"hsmuce",1000,30,0
"hsmuce",1000,31,0
"hsmuce",1000,32,0
"hsmuce",1000,33,0
"hsmuce",1000,34,0
"hsmuce",1000,35,1
"hsmuce",1000,36,1
"hsmuce",1000,37,0
"hsmuce",1000,38,0
"hsmuce",1000,39,0
"hsmuce",1000,40,0
"hsmuce",1000,41,1
"hsmuce",1000,42,0
"hsmuce",1000,43,0
"hsmuce",1000,44,1
"hsmuce",1000,45,0
"hsmuce",1000,46,0
"hsmuce",1000,47,0
"hsmuce",1000,48,2
"hsmuce",1000,49,0
"hsmuce",1000,50,0
"cpop",1000,1,0
"cpop",1000,2,0
"cpop",1000,3,0
"cpop",1000,4,0
"cpop",1000,5,0
"cpop",1000,6,0
"cpop",1000,7,0
"cpop",1000,8,0
"cpop",1000,9,0
"cpop",1000,10,0
"cpop",1000,11,0
"cpop",1000,12,0
"cpop",1000,13,0
"cpop",1000,14,0
"cpop",1000,15,0
"cpop",1000,16,0
"cpop",1000,17,0
"cpop",1000,18,0
"cpop",1000,19,0
"cpop",1000,20,0
"cpop",1000,21,0
"cpop",1000,22,0
"cpop",1000,23,0
"cpop",1000,24,0
"cpop",1000,25,0
"cpop",1000,26,0
"cpop",1000,27,0
"cpop",1000,28,0
"cpop",1000,29,0
"cpop",1000,30,0
"cpop",1000,31,0
"cpop",1000,32,0
"cpop",1000,33,0
"cpop",1000,34,0
"cpop",1000,35,0
"cpop",1000,36,0
"cpop",1000,37,0
"cpop",1000,38,0
"cpop",1000,39,0
"cpop",1000,40,0
"cpop",1000,41,0
"cpop",1000,42,0
"cpop",1000,43,0
"cpop",1000,44,0
"cpop",1000,45,0
"cpop",1000,46,0
"cpop",1000,47,0
"cpop",1000,48,0
"cpop",1000,49,0
"cpop",1000,50,0
"bcp",1000,1,0
"bcp",1000,2,0
"bcp",1000,3,0
"bcp",1000,4,0
"bcp",1000,5,0
"bcp",1000,6,0
"bcp",1000,7,0
"bcp",1000,8,0
"bcp",1000,9,0
"bcp",1000,10,0
"bcp",1000,11,0
"bcp",1000,12,0
"bcp",1000,13,0
"bcp",1000,14,0
"bcp",1000,15,0
"bcp",1000,16,0
"bcp",1000,17,0
"bcp",1000,18,0
"bcp",1000,19,0
"bcp",1000,20,0
"bcp",1000,21,0
"bcp",1000,22,1
"bcp",1000,23,0
"bcp",1000,24,0
"bcp",1000,25,0
"bcp",1000,26,0
"bcp",1000,27,0
"bcp",1000,28,0
"bcp",1000,29,0
"bcp",1000,30,0
"bcp",1000,31,0
"bcp",1000,32,0
"bcp",1000,33,0
"bcp",1000,34,0
"bcp",1000,35,0
"bcp",1000,36,0
"bcp",1000,37,0
"bcp",1000,38,0
"bcp",1000,39,0
"bcp",1000,40,0
"bcp",1000,41,0
"bcp",1000,42,0
"bcp",1000,43,0
"bcp",1000,44,0
"bcp",1000,45,0
"bcp",1000,46,0
"bcp",1000,47,0
"bcp",1000,48,0
"bcp",1000,49,0
"bcp",1000,50,0
"bocpd",1000,1,0
"bocpd",1000,2,0
"bocpd",1000,3,0
"bocpd",1000,4,0
"bocpd",1000,5,0
"bocpd",1000,6,0
"bocpd",1000,7,0
"bocpd",1000,8,0
"bocpd",1000,9,0
"bocpd",1000,10,0
"bocpd",1000,11,0
"bocpd",1000,12,0
"bocpd",1000,13,0
"bocpd",1000,14,0
"bocpd",1000,15,0
"bocpd",1000,16,0
"bocpd",1000,17,0
"bocpd",1000,18,0
"bocpd",1000,19,0
"bocpd",1000,20,0
"bocpd",1000,21,0
"bocpd",1000,22,0
"bocpd",1000,23,0
"bocpd",1000,24,0
"bocpd",1000,25,0
"bocpd",1000,26,0
"bocpd",1000,27,0
"bocpd",1000,28,0
"bocpd",1000,29,0
"bocpd",1000,30,0
"bocpd",1000,31,0
"bocpd",1000,32,0
"bocpd",1000,33,0
"bocpd",1000,34,0
"bocpd",1000,35,0
"bocpd",1000,36,0
"bocpd",1000,37,0
"bocpd",1000,38,0
"bocpd",1000,39,0
"bocpd",1000,40,0
"bocpd",1000,41,0
"bocpd",1000,42,0
"bocpd",1000,43,0
"bocpd",1000,44,0
"bocpd",1000,45,0
"bocpd",1000,46,0
"bocpd",1000,47,0
"bocpd",1000,48,0
"bocpd",1000,49,0
"bocpd",1000,50,0
"beast",1000,1,0
"beast",1000,2,0
"beast",1000,3,0
"beast",1000,4,0
"beast",1000,5,0
"beast",1000,6,0
"beast",1000,7,0
"beast",1000,8,0
"beast",1000,9,0
"beast",1000,10,0
"beast",1000,11,0
"beast",1000,12,0
"beast",1000,13,0
"beast",1000,14,0
"beast",1000,15,0
"beast",1000,16,0
"beast",1000,17,0
"beast",1000,18,0
"beast",1000,19,0
"beast",1000,20,0
"beast",1000,21,0
"beast",1000,22,0
"beast",1000,23,0
"beast",1000,24,0
"beast",1000,25,0
"beast",1000,26,0
"beast",1000,27,0
"beast",1000,28,0
"beast",1000,29,0
"beast",1000,30,0
"beast",1000,31,0
"beast",1000,32,0
"beast",1000,33,0
"beast",1000,34,0
"beast",1000,35,0
"beast",1000,36,0
"beast",1000,37,0
"beast",1000,38,0
"beast",1000,39,0
"beast",1000,40,0
"beast",1000,41,0
"beast",1000,42,0
"beast",1000,43,0
"beast",1000,44,0
"beast",1000,45,0
"beast",1000,46,0
"beast",1000,47,0
"beast",1000,48,0
"beast",1000,49,0
"beast",1000,50,0
"cpm",1000,1,0
"cpm",1000,2,0
"cpm",1000,3,0
"cpm",1000,4,0
"cpm",1000,5,1
"cpm",1000,6,0
"cpm",1000,7,0
"cpm",1000,8,0
"cpm",1000,9,0
"cpm",1000,10,0
"cpm",1000,11,1
"cpm",1000,12,2
"cpm",1000,13,0
"cpm",1000,14,0
"cpm",1000,15,2
"cpm",1000,16,0
"cpm",1000,17,0
"cpm",1000,18,0
"cpm",1000,19,0
"cpm",1000,20,0
"cpm",1000,21,0
"cpm",1000,22,3
"cpm",1000,23,0
"cpm",1000,24,0
"cpm",1000,25,0
"cpm",1000,26,0
"cpm",1000,27,0
"cpm",1000,28,0
"cpm",1000,29,0
"cpm",1000,30,0
"cpm",1000,31,0
"cpm",1000,32,0
"cpm",1000,33,0
"cpm",1000,34,0
"cpm",1000,35,0
"cpm",1000,36,0
"cpm",1000,37,2
"cpm",1000,38,0
"cpm",1000,39,0
"cpm",1000,40,0
"cpm",1000,41,2
"cpm",1000,42,0
"cpm",1000,43,0
"cpm",1000,44,1
"cpm",1000,45,0
"cpm",1000,46,0
"cpm",1000,47,0
"cpm",1000,48,3
"cpm",1000,49,0
"cpm",1000,50,0
"decafs",1000,1,0
"decafs",1000,2,0
"decafs",1000,3,0
"decafs",1000,4,0
"decafs",1000,5,0
"decafs",1000,6,0
"decafs",1000,7,0
"decafs",1000,8,0
"decafs",1000,9,0
"decafs",1000,10,0
"decafs",1000,11,0
"decafs",1000,12,0
"decafs",1000,13,0
"decafs",1000,14,0
"decafs",1000,15,0
"decafs",1000,16,0
"decafs",1000,17,0
"decafs",1000,18,0
"decafs",1000,19,0
"decafs",1000,20,0
"decafs",1000,21,0
"decafs",1000,22,0
"decafs",1000,23,0
"decafs",1000,24,0
"decafs",1000,25,0
"decafs",1000,26,0
"decafs",1000,27,0
"decafs",1000,28,0
"decafs",1000,29,0
"decafs",1000,30,0
"decafs",1000,31,0
"decafs",1000,32,0
"decafs",1000,33,0
"decafs",1000,34,0
"decafs",1000,35,0
"decafs",1000,36,0
"decafs",1000,37,0
"decafs",1000,38,0
"decafs",1000,39,0
"decafs",1000,40,0
"decafs",1000,41,0
"decafs",1000,42,0
"decafs",1000,43,0
"decafs",1000,44,0
"decafs",1000,45,0
"decafs",1000,46,0
"decafs",1000,47,0
"decafs",1000,48,0
"decafs",1000,49,0
"decafs",1000,50,0
"sn",1000,1,0
"sn",1000,2,0
"sn",1000,3,0
"sn",1000,4,0
"sn",1000,5,0
"sn",1000,6,0
"sn",1000,7,0
"sn",1000,8,0
"sn",1000,9,0
"sn",1000,10,0
"sn",1000,11,0
"sn",1000,12,0
"sn",1000,13,0
"sn",1000,14,0
"sn",1000,15,1
"sn",1000,16,0
"sn",1000,17,0
"sn",1000,18,0
"sn",1000,19,0
"sn",1000,20,0
"sn",1000,21,0
"sn",1000,22,0
"sn",1000,23,0
"sn",1000,24,0
"sn",1000,25,0
"sn",1000,26,0
"sn",1000,27,0
"sn",1000,28,0
"sn",1000,29,0
"sn",1000,30,0
"sn",1000,31,0
"sn",1000,32,0
"sn",1000,33,0
"sn",1000,34,0
"sn",1000,35,0
"sn",1000,36,0
"sn",1000,37,0
"sn",1000,38,0
"sn",1000,39,0
"sn",1000,40,0
"sn",1000,41,0
"sn",1000,42,0
"sn",1000,43,0
"sn",1000,44,1
"sn",1000,45,0
"sn",1000,46,0
"sn",1000,47,0
"sn",1000,48,0
"sn",1000,49,1
"sn",1000,50,0
"strucchange",1000,1,0
"strucchange",1000,2,0
"strucchange",1000,3,0
"strucchange",1000,4,0
"strucchange",1000,5,0
"strucchange",1000,6,0
"strucchange",1000,7,0
"strucchange",1000,8,0
"strucchange",1000,9,0
"strucchange",1000,10,0
"strucchange",1000,11,0
"strucchange",1000,12,0
"strucchange",1000,13,0
"strucchange",1000,14,0
"strucchange",1000,15,0
"strucchange",1000,16,0
"strucchange",1000,17,0
"strucchange",1000,18,0
"strucchange",1000,19,0
"strucchange",1000,20,0
"strucchange",1000,21,0
"strucchange",1000,22,0
"strucchange",1000,23,0
"strucchange",1000,24,0
"strucchange",1000,25,0
"strucchange",1000,26,0
"strucchange",1000,27,0
"strucchange",1000,28,0
"strucchange",1000,29,0
"strucchange",1000,30,0
"strucchange",1000,31,0
"strucchange",1000,32,0
"strucchange",1000,33,0
"strucchange",1000,34,0
"strucchange",1000,35,0
"strucchange",1000,36,0
"strucchange",1000,37,0
"strucchange",1000,38,0
"strucchange",1000,39,0
"strucchange",1000,40,0
"strucchange",1000,41,0
"strucchange",1000,42,0
"strucchange",1000,43,0
"strucchange",1000,44,0
"strucchange",1000,45,0
"strucchange",1000,46,0
"strucchange",1000,47,0
"strucchange",1000,48,0
"strucchange",1000,49,0
"strucchange",1000,50,0
"segmented",1000,1,1
"segmented",1000,2,1
"segmented",1000,3,1
"segmented",1000,4,1
"segmented",1000,5,1
"segmented",1000,6,1
"segmented",1000,7,1
"segmented",1000,8,1
"segmented",1000,9,1
"segmented",1000,10,1
"segmented",1000,11,1
"segmented",1000,12,1
"segmented",1000,13,1
"segmented",1000,14,1
"segmented",1000,15,1
"segmented",1000,16,1
"segmented",1000,17,1
"segmented",1000,18,1
"segmented",1000,19,1
"segmented",1000,20,1
"segmented",1000,21,1
"segmented",1000,22,1
"segmented",1000,23,1
"segmented",1000,24,1
"segmented",1000,25,1
"segmented",1000,26,1
"segmented",1000,27,1
"segmented",1000,28,1
"segmented",1000,29,1
"segmented",1000,30,1
"segmented",1000,31,1
"segmented",1000,32,1
"segmented",1000,33,1
"segmented",1000,34,1
"segmented",1000,35,1
"segmented",1000,36,1
"segmented",1000,37,1
"segmented",1000,38,1
"segmented",1000,39,1
"segmented",1000,40,1
"segmented",1000,41,1
"segmented",1000,42,1
"segmented",1000,43,1
"segmented",1000,44,1
"segmented",1000,45,1
"segmented",1000,46,1
"segmented",1000,47,1
"segmented",1000,48,1
"segmented",1000,49,1
"segmented",1000,50,1
"envcpt",1000,1,0
"envcpt",1000,2,0
"envcpt",1000,3,0
"envcpt",1000,4,0
"envcpt",1000,5,0
"envcpt",1000,6,0
"envcpt",1000,7,0
"envcpt",1000,8,0
"envcpt",1000,9,0
"envcpt",1000,10,0
"envcpt",1000,11,0
"envcpt",1000,12,0
"envcpt",1000,13,0
"envcpt",1000,14,0
"envcpt",1000,15,0
"envcpt",1000,16,0
"envcpt",1000,17,0
"envcpt",1000,18,0
"envcpt",1000,19,0
"envcpt",1000,20,0
"envcpt",1000,21,0
"envcpt",1000,22,0
"envcpt",1000,23,0
"envcpt",1000,24,0
"envcpt",1000,25,0
"envcpt",1000,26,0
"envcpt",1000,27,0
"envcpt",1000,28,0
"envcpt",1000,29,0
"envcpt",1000,30,0
"envcpt",1000,31,0
"envcpt",1000,32,0
"envcpt",1000,33,0
"envcpt",1000,34,0
"envcpt",1000,35,0
"envcpt",1000,36,0
"envcpt",1000,37,0
"envcpt",1000,38,0
"envcpt",1000,39,0
"envcpt",1000,40,0
"envcpt",1000,41,0
"envcpt",1000,42,0
"envcpt",1000,43,0
"envcpt",1000,44,0
"envcpt",1000,45,0
"envcpt",1000,46,0
"envcpt",1000,47,0
"envcpt",1000,48,0
"envcpt",1000,49,0
"envcpt",1000,50,0
"fastcpd",1000,1,0
"fastcpd",1000,2,0
"fastcpd",1000,3,0
"fastcpd",1000,4,0
"fastcpd",1000,5,0
"fastcpd",1000,6,0
"fastcpd",1000,7,0
"fastcpd",1000,8,0
"fastcpd",1000,9,0
"fastcpd",1000,10,0
"fastcpd",1000,11,0
"fastcpd",1000,12,0
"fastcpd",1000,13,0
"fastcpd",1000,14,0
"fastcpd",1000,15,0
"fastcpd",1000,16,0
"fastcpd",1000,17,0
"fastcpd",1000,18,0
"fastcpd",1000,19,0
"fastcpd",1000,20,0
"fastcpd",1000,21,0
"fastcpd",1000,22,0
"fastcpd",1000,23,0
"fastcpd",1000,24,0
"fastcpd",1000,25,0
"fastcpd",1000,26,0
"fastcpd",1000,27,0
"fastcpd",1000,28,0
"fastcpd",1000,29,0
"fastcpd",1000,30,0
"fastcpd",1000,31,0
"fastcpd",1000,32,0
"fastcpd",1000,33,0
"fastcpd",1000,34,0
"fastcpd",1000,35,0
"fastcpd",1000,36,0
"fastcpd",1000,37,0
"fastcpd",1000,38,0
"fastcpd",1000,39,0
"fastcpd",1000,40,0
"fastcpd",1000,41,0
"fastcpd",1000,42,0
"fastcpd",1000,43,0
"fastcpd",1000,44,0
"fastcpd",1000,45,0
"fastcpd",1000,46,0
"fastcpd",1000,47,0
"fastcpd",1000,48,0
"fastcpd",1000,49,0
"fastcpd",1000,50,0
"nsp",1000,1,0
"nsp",1000,2,0
"nsp",1000,3,0
"nsp",1000,4,0
"nsp",1000,5,0
"nsp",1000,6,0
"nsp",1000,7,0
"nsp",1000,8,0
"nsp",1000,9,0
"nsp",1000,10,0
"nsp",1000,11,0
"nsp",1000,12,0
"nsp",1000,13,0
"nsp",1000,14,0
"nsp",1000,15,0
"nsp",1000,16,0
"nsp",1000,17,0
"nsp",1000,18,0
"nsp",1000,19,0
"nsp",1000,20,0
"nsp",1000,21,0
"nsp",1000,22,1
"nsp",1000,23,0
"nsp",1000,24,0
"nsp",1000,25,0
"nsp",1000,26,0
"nsp",1000,27,0
"nsp",1000,28,0
"nsp",1000,29,0
"nsp",1000,30,0
"nsp",1000,31,0
"nsp",1000,32,0
"nsp",1000,33,0
"nsp",1000,34,0
"nsp",1000,35,0
"nsp",1000,36,0
"nsp",1000,37,0
"nsp",1000,38,0
"nsp",1000,39,0
"nsp",1000,40,0
"nsp",1000,41,0
"nsp",1000,42,0
"nsp",1000,43,0
"nsp",1000,44,0
"nsp",1000,45,0
"nsp",1000,46,0
"nsp",1000,47,0
"nsp",1000,48,0
"nsp",1000,49,0
"nsp",1000,50,0
"wbsts",1000,1,0
"wbsts",1000,2,1
"wbsts",1000,3,0
"wbsts",1000,4,0
"wbsts",1000,5,0
"wbsts",1000,6,0
"wbsts",1000,7,0
"wbsts",1000,8,0
"wbsts",1000,9,0
"wbsts",1000,10,0
"wbsts",1000,11,0
"wbsts",1000,12,0
"wbsts",1000,13,0
"wbsts",1000,14,0
"wbsts",1000,15,0
"wbsts",1000,16,0
"wbsts",1000,17,0
"wbsts",1000,18,0
"wbsts",1000,19,0
"wbsts",1000,20,0
"wbsts",1000,21,0
"wbsts",1000,22,0
"wbsts",1000,23,0
"wbsts",1000,24,0
"wbsts",1000,25,0
"wbsts",1000,26,0
"wbsts",1000,27,0
"wbsts",1000,28,0
"wbsts",1000,29,0
"wbsts",1000,30,0
"wbsts",1000,31,0
"wbsts",1000,32,0
"wbsts",1000,33,0
"wbsts",1000,34,0
"wbsts",1000,35,0
"wbsts",1000,36,0
"wbsts",1000,37,0
"wbsts",1000,38,0
"wbsts",1000,39,0
"wbsts",1000,40,0
"wbsts",1000,41,0
"wbsts",1000,42,0
"wbsts",1000,43,0
"wbsts",1000,44,0
"wbsts",1000,45,0
"wbsts",1000,46,0
"wbsts",1000,47,0
"wbsts",1000,48,0
"wbsts",1000,49,0
"wbsts",1000,50,0
"bfast",1000,1,0
"bfast",1000,2,0
"bfast",1000,3,0
"bfast",1000,4,0
"bfast",1000,5,0
"bfast",1000,6,0
"bfast",1000,7,0
"bfast",1000,8,0
"bfast",1000,9,0
"bfast",1000,10,0
"bfast",1000,11,0
"bfast",1000,12,0
"bfast",1000,13,0
"bfast",1000,14,0
"bfast",1000,15,0
"bfast",1000,16,0
"bfast",1000,17,0
"bfast",1000,18,0
"bfast",1000,19,0
"bfast",1000,20,0
"bfast",1000,21,0
"bfast",1000,22,0
"bfast",1000,23,0
"bfast",1000,24,0
"bfast",1000,25,0
"bfast",1000,26,0
"bfast",1000,27,0
"bfast",1000,28,0
"bfast",1000,29,0
"bfast",1000,30,0
"bfast",1000,31,0
"bfast",1000,32,0
"bfast",1000,33,0
"bfast",1000,34,0
"bfast",1000,35,0
"bfast",1000,36,0
"bfast",1000,37,0
"bfast",1000,38,0
"bfast",1000,39,0
"bfast",1000,40,0
"bfast",1000,41,0
"bfast",1000,42,0
"bfast",1000,43,0
"bfast",1000,44,0
"bfast",1000,45,0
"bfast",1000,46,0
"bfast",1000,47,0
"bfast",1000,48,0
"bfast",1000,49,0
"bfast",1000,50,0
"pettitt",1000,1,0
"pettitt",1000,2,0
"pettitt",1000,3,0
"pettitt",1000,4,0
"pettitt",1000,5,0
"pettitt",1000,6,0
"pettitt",1000,7,0
"pettitt",1000,8,0
"pettitt",1000,9,0
"pettitt",1000,10,0
"pettitt",1000,11,0
"pettitt",1000,12,0
"pettitt",1000,13,0
"pettitt",1000,14,0
"pettitt",1000,15,0
"pettitt",1000,16,0
"pettitt",1000,17,0
"pettitt",1000,18,0
"pettitt",1000,19,0
"pettitt",1000,20,0
"pettitt",1000,21,0
"pettitt",1000,22,0
"pettitt",1000,23,0
"pettitt",1000,24,0
"pettitt",1000,25,0
"pettitt",1000,26,0
"pettitt",1000,27,0
"pettitt",1000,28,0
"pettitt",1000,29,0
"pettitt",1000,30,0
"pettitt",1000,31,0
"pettitt",1000,32,0
"pettitt",1000,33,0
"pettitt",1000,34,0
"pettitt",1000,35,0
"pettitt",1000,36,1
"pettitt",1000,37,0
"pettitt",1000,38,0
"pettitt",1000,39,0
"pettitt",1000,40,0
"pettitt",1000,41,0
"pettitt",1000,42,0
"pettitt",1000,43,0
"pettitt",1000,44,1
"pettitt",1000,45,0
"pettitt",1000,46,0
"pettitt",1000,47,1
"pettitt",1000,48,0
"pettitt",1000,49,0
"pettitt",1000,50,0
"buishand",1000,1,0
"buishand",1000,2,0
"buishand",1000,3,0
"buishand",1000,4,0
"buishand",1000,5,0
"buishand",1000,6,0
"buishand",1000,7,0
"buishand",1000,8,0
"buishand",1000,9,0
"buishand",1000,10,0
"buishand",1000,11,0
"buishand",1000,12,0
"buishand",1000,13,0
"buishand",1000,14,1
"buishand",1000,15,0
"buishand",1000,16,0
"buishand",1000,17,0
"buishand",1000,18,0
"buishand",1000,19,0
"buishand",1000,20,0
"buishand",1000,21,0
"buishand",1000,22,0
"buishand",1000,23,0
"buishand",1000,24,0
"buishand",1000,25,0
"buishand",1000,26,0
"buishand",1000,27,0
"buishand",1000,28,0
"buishand",1000,29,0
"buishand",1000,30,0
"buishand",1000,31,0
"buishand",1000,32,0
"buishand",1000,33,0
"buishand",1000,34,0
"buishand",1000,35,0
"buishand",1000,36,1
"buishand",1000,37,0
"buishand",1000,38,0
"buishand",1000,39,0
"buishand",1000,40,0
"buishand",1000,41,0
"buishand",1000,42,0
"buishand",1000,43,0
"buishand",1000,44,1
"buishand",1000,45,0
"buishand",1000,46,0
"buishand",1000,47,1
"buishand",1000,48,0
"buishand",1000,49,0
"buishand",1000,50,0
"snht",1000,1,0
"snht",1000,2,0
"snht",1000,3,0
"snht",1000,4,0
"snht",1000,5,0
"snht",1000,6,0
"snht",1000,7,0
"snht",1000,8,0
"snht",1000,9,0
"snht",1000,10,0
"snht",1000,11,0
"snht",1000,12,1
"snht",1000,13,0
"snht",1000,14,0
"snht",1000,15,0
"snht",1000,16,0
"snht",1000,17,0
"snht",1000,18,0
"snht",1000,19,0
"snht",1000,20,0
"snht",1000,21,0
"snht",1000,22,0
"snht",1000,23,0
"snht",1000,24,0
"snht",1000,25,0
"snht",1000,26,0
"snht",1000,27,0
"snht",1000,28,0
"snht",1000,29,0
"snht",1000,30,0
"snht",1000,31,0
"snht",1000,32,0
"snht",1000,33,0
"snht",1000,34,0
"snht",1000,35,0
"snht",1000,36,1
"snht",1000,37,0
"snht",1000,38,0
"snht",1000,39,0
"snht",1000,40,0
"snht",1000,41,0
"snht",1000,42,0
"snht",1000,43,0
"snht",1000,44,0
"snht",1000,45,0
"snht",1000,46,0
"snht",1000,47,0
"snht",1000,48,0
"snht",1000,49,0
"snht",1000,50,0
"taylor",1000,1,0
"taylor",1000,2,0
"taylor",1000,3,0
"taylor",1000,4,0
"taylor",1000,5,0
"taylor",1000,6,0
"taylor",1000,7,0
"taylor",1000,8,0
"taylor",1000,9,0
"taylor",1000,10,0
"taylor",1000,11,0
"taylor",1000,12,3
"taylor",1000,13,0
"taylor",1000,14,1
"taylor",1000,15,0
"taylor",1000,16,0
"taylor",1000,17,0
"taylor",1000,18,0
"taylor",1000,19,0
"taylor",1000,20,0
"taylor",1000,21,0
"taylor",1000,22,0
"taylor",1000,23,0
"taylor",1000,24,0
"taylor",1000,25,0
"taylor",1000,26,0
"taylor",1000,27,0
"taylor",1000,28,0
"taylor",1000,29,1
"taylor",1000,30,0
"taylor",1000,31,0
"taylor",1000,32,0
"taylor",1000,33,0
"taylor",1000,34,1
"taylor",1000,35,0
"taylor",1000,36,1
"taylor",1000,37,0
"taylor",1000,38,1
"taylor",1000,39,0
"taylor",1000,40,0
"taylor",1000,41,2
"taylor",1000,42,0
"taylor",1000,43,0
"taylor",1000,44,1
"taylor",1000,45,0
"taylor",1000,46,0
"taylor",1000,47,1
"taylor",1000,48,4
"taylor",1000,49,0
"taylor",1000,50,0
"binsegrcpp",1000,1,0
"binsegrcpp",1000,2,0
"binsegrcpp",1000,3,0
"binsegrcpp",1000,4,0
"binsegrcpp",1000,5,0
"binsegrcpp",1000,6,0
"binsegrcpp",1000,7,0
"binsegrcpp",1000,8,0
"binsegrcpp",1000,9,0
"binsegrcpp",1000,10,0
"binsegrcpp",1000,11,0
"binsegrcpp",1000,12,0
"binsegrcpp",1000,13,0
"binsegrcpp",1000,14,0
"binsegrcpp",1000,15,0
"binsegrcpp",1000,16,0
"binsegrcpp",1000,17,0
"binsegrcpp",1000,18,0
"binsegrcpp",1000,19,0
"binsegrcpp",1000,20,0
"binsegrcpp",1000,21,0
"binsegrcpp",1000,22,0
"binsegrcpp",1000,23,0
"binsegrcpp",1000,24,0
"binsegrcpp",1000,25,0
"binsegrcpp",1000,26,0
"binsegrcpp",1000,27,0
"binsegrcpp",1000,28,0
"binsegrcpp",1000,29,0
"binsegrcpp",1000,30,0
"binsegrcpp",1000,31,0
"binsegrcpp",1000,32,0
"binsegrcpp",1000,33,0
"binsegrcpp",1000,34,0
"binsegrcpp",1000,35,0
"binsegrcpp",1000,36,0
"binsegrcpp",1000,37,0
"binsegrcpp",1000,38,0
"binsegrcpp",1000,39,0
"binsegrcpp",1000,40,0
"binsegrcpp",1000,41,0
"binsegrcpp",1000,42,0
"binsegrcpp",1000,43,0
"binsegrcpp",1000,44,0
"binsegrcpp",1000,45,0
"binsegrcpp",1000,46,0
"binsegrcpp",1000,47,0
"binsegrcpp",1000,48,0
"binsegrcpp",1000,49,0
"binsegrcpp",1000,50,0
"pelt",10000,1,0
"pelt",10000,2,0
"pelt",10000,3,0
"pelt",10000,4,0
"pelt",10000,5,0
"pelt",10000,6,0
"pelt",10000,7,0
"pelt",10000,8,0
"pelt",10000,9,0
"pelt",10000,10,0
"binseg",10000,1,0
"binseg",10000,2,0
"binseg",10000,3,0
"binseg",10000,4,0
"binseg",10000,5,0
"binseg",10000,6,0
"binseg",10000,7,0
"binseg",10000,8,0
"binseg",10000,9,0
"binseg",10000,10,0
"segneigh",10000,1,0
"segneigh",10000,2,0
"segneigh",10000,3,0
"segneigh",10000,4,0
"segneigh",10000,5,0
"segneigh",10000,6,0
"segneigh",10000,7,0
"segneigh",10000,8,0
"segneigh",10000,9,0
"segneigh",10000,10,0
"amoc",10000,1,0
"amoc",10000,2,0
"amoc",10000,3,0
"amoc",10000,4,0
"amoc",10000,5,0
"amoc",10000,6,0
"amoc",10000,7,0
"amoc",10000,8,0
"amoc",10000,9,0
"amoc",10000,10,0
"np",10000,1,0
"np",10000,2,4
"np",10000,3,7
"np",10000,4,4
"np",10000,5,8
"np",10000,6,8
"np",10000,7,4
"np",10000,8,5
"np",10000,9,4
"np",10000,10,7
"fpop",10000,1,0
"fpop",10000,2,0
"fpop",10000,3,0
"fpop",10000,4,0
"fpop",10000,5,0
"fpop",10000,6,0
"fpop",10000,7,0
"fpop",10000,8,0
"fpop",10000,9,0
"fpop",10000,10,0
"wbs",10000,1,0
"wbs",10000,2,0
"wbs",10000,3,0
"wbs",10000,4,0
"wbs",10000,5,0
"wbs",10000,6,0
"wbs",10000,7,0
"wbs",10000,8,0
"wbs",10000,9,0
"wbs",10000,10,0
"not",10000,1,0
"not",10000,2,0
"not",10000,3,0
"not",10000,4,0
"not",10000,5,0
"not",10000,6,0
"not",10000,7,0
"not",10000,8,0
"not",10000,9,0
"not",10000,10,0
"mosum",10000,1,0
"mosum",10000,2,0
"mosum",10000,3,1
"mosum",10000,4,0
"mosum",10000,5,0
"mosum",10000,6,1
"mosum",10000,7,0
"mosum",10000,8,0
"mosum",10000,9,0
"mosum",10000,10,0
"idetect",10000,1,0
"idetect",10000,2,0
"idetect",10000,3,0
"idetect",10000,4,0
"idetect",10000,5,0
"idetect",10000,6,0
"idetect",10000,7,0
"idetect",10000,8,0
"idetect",10000,9,0
"idetect",10000,10,0
"tguh",10000,1,0
"tguh",10000,2,0
"tguh",10000,3,0
"tguh",10000,4,0
"tguh",10000,5,0
"tguh",10000,6,0
"tguh",10000,7,0
"tguh",10000,8,0
"tguh",10000,9,0
"tguh",10000,10,0
"smuce",10000,1,0
"smuce",10000,2,0
"smuce",10000,3,2
"smuce",10000,4,0
"smuce",10000,5,1
"smuce",10000,6,1
"smuce",10000,7,0
"smuce",10000,8,0
"smuce",10000,9,0
"smuce",10000,10,0
"hsmuce",10000,1,2
"hsmuce",10000,2,1
"hsmuce",10000,3,1
"hsmuce",10000,4,0
"hsmuce",10000,5,0
"hsmuce",10000,6,0
"hsmuce",10000,7,0
"hsmuce",10000,8,0
"hsmuce",10000,9,0
"hsmuce",10000,10,0
"bcp",10000,1,0
"bcp",10000,2,0
"bcp",10000,3,0
"bcp",10000,4,0
"bcp",10000,5,0
"bcp",10000,6,0
"bcp",10000,7,0
"bcp",10000,8,0
"bcp",10000,9,0
"bcp",10000,10,0
"beast",10000,1,0
"beast",10000,2,0
"beast",10000,3,0
"beast",10000,4,0
"beast",10000,5,0
"beast",10000,6,0
"beast",10000,7,0
"beast",10000,8,0
"beast",10000,9,0
"beast",10000,10,0
"cpm",10000,1,0
"cpm",10000,2,0
"cpm",10000,3,2
"cpm",10000,4,0
"cpm",10000,5,0
"cpm",10000,6,0
"cpm",10000,7,0
"cpm",10000,8,2
"cpm",10000,9,0
"cpm",10000,10,0
"decafs",10000,1,0
"decafs",10000,2,0
"decafs",10000,3,0
"decafs",10000,4,0
"decafs",10000,5,0
"decafs",10000,6,0
"decafs",10000,7,0
"decafs",10000,8,0
"decafs",10000,9,0
"decafs",10000,10,0
"segmented",10000,1,1
"segmented",10000,2,1
"segmented",10000,3,1
"segmented",10000,4,1
"segmented",10000,5,1
"segmented",10000,6,1
"segmented",10000,7,1
"segmented",10000,8,1
"segmented",10000,9,1
"segmented",10000,10,1
"fastcpd",10000,1,0
"fastcpd",10000,2,0
"fastcpd",10000,3,0
"fastcpd",10000,4,0
"fastcpd",10000,5,0
"fastcpd",10000,6,0
"fastcpd",10000,7,0
"fastcpd",10000,8,0
"fastcpd",10000,9,0
"fastcpd",10000,10,0
"wbsts",10000,1,0
"wbsts",10000,2,0
"wbsts",10000,3,0
"wbsts",10000,4,0
"wbsts",10000,5,0
"wbsts",10000,6,0
"wbsts",10000,7,0
"wbsts",10000,8,0
"wbsts",10000,9,1
"wbsts",10000,10,0
"pettitt",10000,1,0
"pettitt",10000,2,0
"pettitt",10000,3,0
"pettitt",10000,4,0
"pettitt",10000,5,0
"pettitt",10000,6,0
"pettitt",10000,7,0
"pettitt",10000,8,0
"pettitt",10000,9,0
"pettitt",10000,10,0
"binsegrcpp",10000,1,0
"binsegrcpp",10000,2,0
"binsegrcpp",10000,3,0
"binsegrcpp",10000,4,0
"binsegrcpp",10000,5,0
"binsegrcpp",10000,6,0
"binsegrcpp",10000,7,0
"binsegrcpp",10000,8,0
"binsegrcpp",10000,9,0
"binsegrcpp",10000,10,0
"pelt",1e+05,1,0
"pelt",1e+05,2,0
"pelt",1e+05,3,0
"pelt",1e+05,4,0
"pelt",1e+05,5,0
"pelt",1e+05,6,0
"binseg",1e+05,1,0
"binseg",1e+05,2,0
"binseg",1e+05,3,0
"binseg",1e+05,4,0
"binseg",1e+05,5,0
"binseg",1e+05,6,0
"amoc",1e+05,1,0
"amoc",1e+05,2,0
"amoc",1e+05,3,0
"amoc",1e+05,4,0
"amoc",1e+05,5,0
"amoc",1e+05,6,0
"fpop",1e+05,1,0
"fpop",1e+05,2,0
"fpop",1e+05,3,0
"fpop",1e+05,4,0
"fpop",1e+05,5,0
"fpop",1e+05,6,0
"wbs",1e+05,1,0
"wbs",1e+05,2,0
"wbs",1e+05,3,0
"wbs",1e+05,4,0
"wbs",1e+05,5,0
"wbs",1e+05,6,0
"not",1e+05,1,0
"not",1e+05,2,0
"not",1e+05,3,0
"not",1e+05,4,0
"not",1e+05,5,0
"not",1e+05,6,0
"mosum",1e+05,1,0
"mosum",1e+05,2,0
"mosum",1e+05,3,0
"mosum",1e+05,4,0
"mosum",1e+05,5,0
"mosum",1e+05,6,0
"tguh",1e+05,1,0
"tguh",1e+05,2,0
"tguh",1e+05,3,0
"tguh",1e+05,4,0
"tguh",1e+05,5,0
"tguh",1e+05,6,0
"decafs",1e+05,1,0
"decafs",1e+05,2,0
"decafs",1e+05,3,0
"decafs",1e+05,4,0
"decafs",1e+05,5,0
"decafs",1e+05,6,0
"segmented",1e+05,1,1
"segmented",1e+05,2,1
"segmented",1e+05,3,1
"segmented",1e+05,4,1
"segmented",1e+05,5,1
"segmented",1e+05,6,1
"fastcpd",1e+05,1,0
"fastcpd",1e+05,2,0
"fastcpd",1e+05,3,0
"fastcpd",1e+05,4,0
"fastcpd",1e+05,5,0
"fastcpd",1e+05,6,0
"binsegrcpp",1e+05,1,0
"binsegrcpp",1e+05,2,0
"binsegrcpp",1e+05,3,0
"binsegrcpp",1e+05,4,0
"binsegrcpp",1e+05,5,0
"binsegrcpp",1e+05,6,0
